Sell,Buy,Updated_at
911924,895965,2022-05-13
915896,899867,2022-05-12
916307,900271,2022-05-11
917879,901816,2022-05-10
918811,902731,2022-05-09
923967,907797,2022-05-07
924982,908794,2022-05-06
927197,910971,2022-05-05
922068,905931,2022-05-04
921173,905052,2022-05-03
920977,904859,2022-05-02
923948,907778,2022-04-30
928303,912057,2022-04-29
920785,904671,2022-04-28
923982,907812,2022-04-27
924371,908194,2022-04-26
928345,912098,2022-04-25
938394,921972,2022-04-23
938767,922338,2022-04-22
940505,924046,2022-04-21
940487,924028,2022-04-20
946386,929824,2022-04-19
952185,935521,2022-04-18
948233,931638,2022-04-16
948254,931659,2022-04-15
947864,931276,2022-04-14
945872,929319,2022-04-13
942887,926386,2022-04-12
938390,921968,2022-04-11
933236,916904,2022-04-09
933201,916869,2022-04-08
929744,913473,2022-04-07
930319,914038,2022-04-06
936458,920069,2022-04-05
934820,918460,2022-04-04
934378,918026,2022-04-02
935028,918665,2022-04-01
933136,916806,2022-03-31
931272,914974,2022-03-30
930688,914400,2022-03-29
940870,924404,2022-03-28
933111,916781,2022-03-26
935298,918930,2022-03-25
934237,917887,2022-03-24
918315,902244,2022-03-23
922526,906381,2022-03-22
918876,902795,2022-03-21
921082,904963,2022-03-19
923161,907005,2022-03-18
926836,910616,2022-03-17
916984,900936,2022-03-16
920921,904804,2022-03-15
937104,920704,2022-03-14
940812,924347,2022-03-12
937935,921521,2022-03-11
941515,925038,2022-03-10
948019,931428,2022-03-09
978409,961286,2022-03-08
942123,925635,2022-03-07
935876,919498,2022-03-05
921037,904918,2022-03-04
919142,903057,2022-03-03
919538,903446,2022-03-02
912911,896935,2022-03-01
915266,899248,2022-02-28
915291,899273,2022-02-26
915291,899273,2022-02-25
913472,897486,2022-02-24
903887,888068,2022-02-23
900421,884663,2022-02-22
896285,880600,2022-02-21
900052,884301,2022-02-19
899919,884170,2022-02-18
897933,882219,2022-02-17
880387,864980,2022-02-16
882026,866590,2022-02-15
890412,874829,2022-02-14
886522,871007,2022-02-12
875424,860104,2022-02-11
875681,860356,2022-02-10
873008,857730,2022-02-09
871902,856643,2022-02-08
867257,852080,2022-02-07
863977,848857,2022-02-05
862627,847531,2022-02-04
860566,845506,2022-02-03
862455,847362,2022-02-02
862089,847002,2022-02-01
857874,842861,2022-01-31
859310,844272,2022-01-29
859314,844276,2022-01-28
878174,862805,2022-01-27
886358,870846,2022-01-26
882080,866643,2022-01-25
880554,865144,2022-01-24
875203,859886,2022-01-22
880799,865385,2022-01-21
881309,865886,2022-01-20
871757,856501,2022-01-19
867884,852696,2022-01-18
869575,854357,2022-01-17
869367,854153,2022-01-15
869367,854153,2022-01-14
868995,853787,2022-01-13
869225,854013,2022-01-12
862123,847035,2022-01-11
857824,842812,2022-01-10
858789,843760,2022-01-08
858792,843763,2022-01-07
860624,845563,2022-01-06
869848,854625,2022-01-05
866194,851035,2022-01-04
860407,845349,2022-01-03
859460,844419,2022-01-01
859460,844419,2021-12-31
860269,845214,2021-12-30
857276,842273,2021-12-29
862891,847790,2021-12-28
859578,844535,2021-12-27
860311,845255,2021-12-25
860311,845255,2021-12-24
859167,844131,2021-12-23
856222,841238,2021-12-22
857877,842864,2021-12-21
863554,848441,2021-12-20
866459,851295,2021-12-18
866456,851293,2021-12-17
856446,841458,2021-12-16
847284,832456,2021-12-15
848749,833895,2021-12-14
856009,841028,2021-12-13
854767,839808,2021-12-11
855761,840785,2021-12-10
852758,837834,2021-12-09
854117,839169,2021-12-08
856338,841352,2021-12-07
858244,843224,2021-12-06
856756,841762,2021-12-04
851087,836192,2021-12-03
850419,835536,2021-12-02
856547,841557,2021-12-01
854509,839555,2021-11-30
854522,839567,2021-11-29
856116,841133,2021-11-27
856120,841137,2021-11-26
854286,839335,2021-11-25
849652,834783,2021-11-24
852105,837193,2021-11-23
876272,860937,2021-11-22
880311,864905,2021-11-20
884477,868998,2021-11-19
887692,872157,2021-11-18
886924,871402,2021-11-17
885554,870056,2021-11-16
885820,870318,2021-11-15
885836,870333,2021-11-13
882433,866990,2021-11-12
886342,870831,2021-11-11
884178,868704,2021-11-10
870946,855704,2021-11-09
868183,852989,2021-11-08
868353,853156,2021-11-06
860530,845470,2021-11-05
860386,845329,2021-11-04
843064,828310,2021-11-03
852616,837695,2021-11-02
852534,837614,2021-11-01
851436,836535,2021-10-30
851436,836535,2021-10-29
851518,836616,2021-10-28
849553,834685,2021-10-27
846946,832124,2021-10-26
855345,840376,2021-10-25
846118,831310,2021-10-23
842545,827800,2021-10-22
843067,828313,2021-10-21
838938,824256,2021-10-20
834785,820176,2021-10-19
836242,821607,2021-10-18
832951,818374,2021-10-16
835201,820584,2021-10-15
848797,833943,2021-10-14
848744,833890,2021-10-13
836182,821548,2021-10-12
834939,820327,2021-10-11
835248,820631,2021-10-09
835720,821094,2021-10-08
835600,820977,2021-10-07
839967,825267,2021-10-06
839211,824524,2021-10-05
842040,827304,2021-10-04
841431,826705,2021-10-02
840786,826072,2021-10-01
832379,817812,2021-09-30
830243,815713,2021-09-29
828607,814106,2021-09-28
836132,821499,2021-09-27
832959,818382,2021-09-25
834113,819516,2021-09-24
842109,827372,2021-09-23
846125,831317,2021-09-22
843560,828797,2021-09-21
836753,822109,2021-09-20
834736,820128,2021-09-18
835803,821176,2021-09-17
837047,822398,2021-09-16
854086,839139,2021-09-15
855098,840133,2021-09-14
851455,836554,2021-09-13
846529,831714,2021-09-11
849824,834952,2021-09-10
848221,833377,2021-09-09
847329,832500,2021-09-08
855209,840242,2021-09-07
866764,851595,2021-09-06
871247,856000,2021-09-04
872771,857497,2021-09-03
864525,849395,2021-09-02
864627,849496,2021-09-01
866564,851399,2021-08-31
872748,857474,2021-08-30
868530,853330,2021-08-28
868527,853327,2021-08-27
863257,848150,2021-08-26
860646,845584,2021-08-25
868525,853325,2021-08-24
867418,852238,2021-08-23
861492,846415,2021-08-21
861492,846415,2021-08-20
859077,844043,2021-08-19
856584,841593,2021-08-18
851856,836948,2021-08-17
854330,839379,2021-08-16
851374,836474,2021-08-14
848183,833339,2021-08-13
836418,821780,2021-08-12
835180,820564,2021-08-11
826132,811674,2021-08-10
827004,812531,2021-08-09
840364,825657,2021-08-07
841219,826497,2021-08-06
860115,845062,2021-08-05
861197,846126,2021-08-04
863790,848673,2021-08-03
871022,855779,2021-08-02
866350,851188,2021-07-31
867169,851993,2021-07-30
870775,855536,2021-07-29
867818,852631,2021-07-28
870126,854898,2021-07-27
868866,853660,2021-07-26
868351,853154,2021-07-24
862481,847387,2021-07-23
858846,843816,2021-07-22
865416,850271,2021-07-21
875404,860084,2021-07-20
870344,855112,2021-07-19
870306,855075,2021-07-17
870210,854981,2021-07-16
873560,858272,2021-07-15
877539,862182,2021-07-14
871102,855857,2021-07-13
870366,855134,2021-07-12
874926,859614,2021-07-10
874733,859425,2021-07-09
871316,856067,2021-07-08
871685,856430,2021-07-07
877411,862056,2021-07-06
870835,855595,2021-07-05
871730,856474,2021-07-03
869839,854616,2021-07-02
866787,851618,2021-07-01
866254,851094,2021-06-30
865384,850239,2021-06-29
861615,846536,2021-06-28
865225,850083,2021-06-26
865225,850083,2021-06-25
862097,847010,2021-06-24
868890,853684,2021-06-23
859393,844353,2021-06-22
864744,849610,2021-06-21
855735,840759,2021-06-19
857848,842835,2021-06-18
849479,834613,2021-06-17
881959,866524,2021-06-16
881957,866522,2021-06-15
884174,868700,2021-06-14
880317,864911,2021-06-12
879898,864499,2021-06-11
891113,875518,2021-06-10
894341,878690,2021-06-09
892359,876742,2021-06-08
892740,877117,2021-06-07
893855,878212,2021-06-05
894654,878997,2021-06-04
893666,878026,2021-06-03
896732,881039,2021-06-02
894482,878828,2021-06-01
896029,880348,2021-05-31
891690,876085,2021-05-29
891690,876085,2021-05-28
891844,876236,2021-05-27
880451,865043,2021-05-26
873806,858514,2021-05-25
896280,880595,2021-05-24
873926,858632,2021-05-22
873926,858632,2021-05-21
880663,865251,2021-05-20
888494,872945,2021-05-19
863211,848104,2021-05-18
878696,863318,2021-05-17
871204,855957,2021-05-15
868619,853418,2021-05-14
857758,842747,2021-05-13
861237,846165,2021-05-12
865891,850737,2021-05-11
864635,849503,2021-05-10
873458,858172,2021-05-07
862805,847705,2021-05-06
854396,839444,2021-05-05
852150,837237,2021-05-04
860186,845132,2021-05-03
847720,832884,2021-05-01
847099,832274,2021-04-30
849107,834247,2021-04-29
862097,847010,2021-04-28
864367,849240,2021-04-27
853203,838271,2021-04-26
854901,839940,2021-04-24
853753,838812,2021-04-23
857768,842757,2021-04-22
865340,850196,2021-04-21
855151,840185,2021-04-20
859879,844831,2021-04-19
863787,848670,2021-04-17
864948,849811,2021-04-16
864177,849053,2021-04-15
850223,835344,2021-04-14
853679,838739,2021-04-13
850627,835741,2021-04-12
851601,836697,2021-04-10
851844,836936,2021-04-09
862576,847480,2021-04-08
853067,838138,2021-04-07
860585,845524,2021-04-06
859774,844727,2021-04-05
859992,844942,2021-04-02
859646,844602,2021-04-01
847628,832794,2021-03-31
831733,817177,2021-03-30
841558,826830,2021-03-29
847942,833103,2021-03-26
852275,837360,2021-03-25
851444,836543,2021-03-24
847505,832673,2021-03-23
852711,837788,2021-03-22
851339,836440,2021-03-19
848594,833743,2021-03-18
849384,834519,2021-03-17
851671,836766,2021-03-16
846652,831835,2021-03-15
844796,830012,2021-03-13
834751,820142,2021-03-12
847603,832769,2021-03-11
844957,830170,2021-03-10
848064,833222,2021-03-09
826811,812341,2021-03-08
832948,818371,2021-03-06
830703,816165,2021-03-05
841189,826468,2021-03-04
833309,818726,2021-03-03
846065,831258,2021-03-02
849803,834931,2021-03-01
839119,824434,2021-02-27
844526,829746,2021-02-26
843820,829053,2021-02-25
858630,843603,2021-02-24
868063,852871,2021-02-23
872554,857284,2021-02-22
856058,841076,2021-02-20
857925,842911,2021-02-19
851590,836687,2021-02-18
852685,837763,2021-02-17
862550,847455,2021-02-16
866072,850915,2021-02-15
872346,857079,2021-02-13
866826,851656,2021-02-12
880293,864887,2021-02-11
879560,864167,2021-02-10
877259,861906,2021-02-09
880417,865009,2021-02-08
869937,854713,2021-02-06
866927,851755,2021-02-05
849147,834286,2021-02-04
868476,853277,2021-02-03
870378,855146,2021-02-02
884965,869478,2021-02-01
877581,862223,2021-01-30
883633,868169,2021-01-29
886817,871297,2021-01-28
878453,863080,2021-01-27
884096,868624,2021-01-26
879767,864371,2021-01-25
881098,865678,2021-01-23
880720,865307,2021-01-22
884977,869489,2021-01-21
887370,871841,2021-01-20
878266,862896,2021-01-19
874393,859091,2021-01-18
864127,849004,2021-01-16
866388,851226,2021-01-15
873197,857916,2021-01-14
878497,863123,2021-01-13
877061,861712,2021-01-12
875964,860634,2021-01-11
865848,850695,2021-01-09
872875,857599,2021-01-08
894077,878430,2021-01-07
892212,876598,2021-01-06
908201,892307,2021-01-05
907460,891579,2021-01-04
903333,887524,2021-01-02
902636,886839,2021-01-01
896424,880736,2020-12-31
889805,874233,2020-12-30
892693,877070,2020-12-29
900372,884615,2020-12-28
896416,880728,2020-12-25
894424,878771,2020-12-24
895895,880216,2020-12-23
893022,877394,2020-12-22
893683,878043,2020-12-21
897796,882084,2020-12-20
900012,884261,2020-12-18
905602,889753,2020-12-17
889043,873484,2020-12-16
887094,871569,2020-12-15
877043,861694,2020-12-14
880468,865059,2020-12-12
883419,867959,2020-12-11
880125,864722,2020-12-10
882592,867146,2020-12-09
895954,880274,2020-12-08
896038,880357,2020-12-07
888804,873249,2020-12-05
889429,873863,2020-12-04
886341,870830,2020-12-03
881096,865676,2020-12-02
873657,858368,2020-12-01
855814,840837,2020-11-30
862133,847045,2020-11-28
860354,845297,2020-11-27
873172,857891,2020-11-26
873497,858210,2020-11-25
873586,858298,2020-11-24
883677,868212,2020-11-23
907725,891839,2020-11-21
908691,892788,2020-11-20
895254,879587,2020-11-19
903697,887882,2020-11-18
904657,888825,2020-11-17
905699,889849,2020-11-16
917726,901665,2020-11-14
918016,901950,2020-11-13
910268,894338,2020-11-12
893136,877506,2020-11-11
896331,880645,2020-11-10
893959,878314,2020-11-09
942366,925874,2020-11-07
938616,922190,2020-11-06
945688,929138,2020-11-05
940743,924279,2020-11-04
938962,922530,2020-11-03
940336,923880,2020-11-02
933763,917422,2020-10-31
935297,918929,2020-10-30
931981,915671,2020-10-29
931391,915091,2020-10-28
948204,931610,2020-10-27
945841,929288,2020-10-26
944367,927840,2020-10-24
942045,925559,2020-10-23
941679,925199,2020-10-22
955382,938662,2020-10-21
943409,926899,2020-10-20
946261,929701,2020-10-19
948010,931419,2020-10-17
948606,932005,2020-10-16
946680,930113,2020-10-15
957568,928840,2020-10-14
945357,916996,2020-10-13
951955,923396,2020-10-12
973540,944333,2020-10-10
972213,943046,2020-10-09
952964,924375,2020-10-08
950397,921885,2020-10-07
955799,927125,2020-10-06
969944,940845,2020-10-05
961857,933001,2020-10-03
962916,934028,2020-10-02
967721,938689,2020-10-01
963753,934840,2020-09-30
964646,935706,2020-09-29
962909,934021,2020-09-28
950825,922300,2020-09-26
950184,921678,2020-09-25
957353,928632,2020-09-24
948171,919725,2020-09-23
962184,933318,2020-09-22
941664,913414,2020-09-21
975396,946134,2020-09-18
971347,942206,2020-09-17
982475,953000,2020-09-16
982672,953191,2020-09-15
981605,952156,2020-09-14
975817,946542,2020-09-12
980544,951127,2020-09-11
980330,950920,2020-09-10
975356,946095,2020-09-09
966071,937088,2020-09-08
966398,937406,2020-09-07
963933,935015,2020-09-05
960839,932013,2020-09-04
962880,933993,2020-09-03
965570,936602,2020-09-02
965524,936558,2020-09-01
964374,935442,2020-08-31
972988,943798,2020-08-29
974510,945274,2020-08-28
977801,948466,2020-08-27
958173,929427,2020-08-26
940899,912672,2020-08-25
954282,925653,2020-08-24
949406,920923,2020-08-22
942231,913964,2020-08-21
947856,919420,2020-08-20
969501,940415,2020-08-19
992438,962664,2020-08-18
993692,963881,2020-08-17
971295,942156,2020-08-15
970689,941568,2020-08-14
970708,941586,2020-08-13
954251,925623,2020-08-12
958206,929459,2020-08-11
998003,968062,2020-08-10
993351,963550,2020-08-08
992908,963120,2020-08-07
998380,968428,2020-08-06
988712,959050,2020-08-05
973483,944278,2020-08-04
958088,929345,2020-08-03
955903,927225,2020-08-01
955217,926560,2020-07-31
941121,912887,2020-07-30
938223,910076,2020-07-29
933632,905623,2020-07-28
940039,911837,2020-07-27
920289,892680,2020-07-25
919713,892121,2020-07-24
914517,887081,2020-07-23
903296,876197,2020-07-22
903159,876064,2020-07-21
895210,868353,2020-07-20
893324,866524,2020-07-18
890567,863849,2020-07-17
882213,855746,2020-07-16
879849,853453,2020-07-15
880335,853924,2020-07-14
876666,850366,2020-07-13
877494,851169,2020-07-11
879188,852812,2020-07-10
875444,849180,2020-07-09
878636,852276,2020-07-08
873708,847496,2020-07-07
869912,843814,2020-07-06
868696,842635,2020-07-03
864190,838264,2020-07-02
848698,823237,2020-07-01
862041,836179,2020-06-30
848349,822898,2020-06-29
848589,823131,2020-06-28
848695,823234,2020-06-27
845544,820177,2020-06-26
840588,815370,2020-06-25
839966,814767,2020-06-24
850450,824936,2020-06-23
838919,813751,2020-06-22
840165,814960,2020-06-20
840356,815145,2020-06-19
826742,801939,2020-06-18
830831,805906,2020-06-17
827182,802366,2020-06-16
829320,804440,2020-06-15
831546,806599,2020-06-13
834497,809462,2020-06-12
823086,798393,2020-06-11
819904,795306,2020-06-10
825551,800784,2020-06-09
817597,793069,2020-06-08
806646,782446,2020-06-06
803029,778938,2020-06-05
835121,810067,2020-06-04
819231,794654,2020-06-03
843148,817853,2020-06-02
859270,833491,2020-06-01
856297,830608,2020-05-30
857583,831855,2020-05-29
857779,832045,2020-05-28
842906,817618,2020-05-27
852703,827121,2020-05-26
861413,835570,2020-05-25
863646,837736,2020-05-23
863181,837285,2020-05-22
863403,837500,2020-05-21
871118,844984,2020-05-20
868289,842240,2020-05-19
871850,845694,2020-05-18
876479,850184,2020-05-16
875179,848923,2020-05-15
866075,840092,2020-05-14
856414,830721,2020-05-13
855137,829482,2020-05-12
848834,823368,2020-05-11
857605,831876,2020-05-09
861708,835856,2020-05-08
859386,833604,2020-05-06
856021,830340,2020-05-05
861666,835816,2020-05-04
868357,842306,2020-04-30
873891,847674,2020-04-29
878455,852101,2020-04-28
884501,857965,2020-04-27
895516,868650,2020-04-24
898625,871666,2020-04-23
891254,864516,2020-04-22
882040,855578,2020-04-21
867747,841714,2020-04-20
889127,862453,2020-04-17
910296,882987,2020-04-16
893641,866831,2020-04-15
902433,875360,2020-04-14
903061,875969,2020-04-13
915009,887558,2020-04-10
898252,871304,2020-04-09
886977,860367,2020-04-08
884537,858000,2020-04-07
879153,852778,2020-04-06
861185,835349,2020-04-03
852558,826981,2020-04-02
848121,822677,2020-04-01
850136,824631,2020-03-31
845947,820568,2020-03-30
841771,816517,2020-03-27
844919,819571,2020-03-26
864045,838123,2020-03-24
789698,766007,2020-03-23
788541,764884,2020-03-20
736649,714549,2020-03-19
751599,729051,2020-03-18
739636,717446,2020-03-17
753396,730794,2020-03-16
750412,727899,2020-03-14
775762,752489,2020-03-13
753892,731275,2020-03-12
784053,760531,2020-03-11
791379,767637,2020-03-10
795268,771409,2020-03-09
790922,767194,2020-03-06
766913,743905,2020-03-05
765818,742843,2020-03-04
749748,727255,2020-03-03
765073,742120,2020-03-02
769597,746509,2020-02-28
762267,739398,2020-02-27
760676,737855,2020-02-26
757383,734661,2020-02-25
772445,749271,2020-02-24
747927,725489,2020-02-21
735240,713182,2020-02-20
732318,710348,2020-02-19
720757,699134,2020-02-18
718525,696969,2020-02-17
717023,695512,2020-02-14
715559,694092,2020-02-13
709609,688320,2020-02-12
713692,692281,2020-02-11
717523,695997,2020-02-10
710767,689443,2020-02-07
708428,687175,2020-02-06
709937,688638,2020-02-05
718000,696460,2020-02-04
718465,696911,2020-02-03
716899,695392,2020-01-31
718156,696611,2020-01-30
711425,690082,2020-01-29
716557,695060,2020-01-28
714275,692846,2020-01-27
706427,685234,2020-01-24
705227,684070,2020-01-23
708365,687114,2020-01-22
706438,685244,2020-01-21
708904,687636,2020-01-20
707782,686548,2020-01-17
705992,684812,2020-01-16
708473,687218,2020-01-15
702221,681154,2020-01-14
707682,686451,2020-01-13
713502,692096,2020-01-10
714172,692746,2020-01-09
734354,712323,2020-01-08
725842,704066,2020-01-07
733044,711052,2020-01-06
715728,694256,2020-01-03
704639,683499,2020-01-02
707630,686401,2019-12-31
703535,682428,2019-12-30
703179,682083,2019-12-27
702207,681140,2019-12-26
692427,671654,2019-12-23
689974,669274,2019-12-20
688568,667910,2019-12-19
691578,670830,2019-12-18
692579,671801,2019-12-17
690059,669357,2019-12-16
687606,666977,2019-12-13
690099,669396,2019-12-12
686517,665921,2019-12-11
684575,664037,2019-12-10
684949,664400,2019-12-09
690769,670045,2019-12-06
693574,672766,2019-12-05
699248,678270,2019-12-04
690274,669565,2019-12-03
686657,666057,2019-12-02
686145,665560,2019-11-29
686459,665865,2019-11-28
686773,666169,2019-11-27
685583,665015,2019-11-26
686477,665882,2019-11-25
691159,670424,2019-11-22
695050,674198,2019-11-21
696668,675767,2019-11-20
692131,671367,2019-11-19
687110,666496,2019-11-18
689639,668949,2019-11-15
692475,671700,2019-11-14
687922,667284,2019-11-13
683038,662546,2019-11-12
686809,666204,2019-11-11
689581,668893,2019-11-08
698076,677133,2019-11-07
695222,674365,2019-11-06
704327,679675,2019-11-05
709155,684334,2019-11-04
711575,686669,2019-11-01
704681,680017,2019-10-31
700374,675860,2019-10-30
701392,676843,2019-10-29
706124,681409,2019-10-28
706341,681619,2019-10-25
699861,675365,2019-10-24
700743,676216,2019-10-23
697181,672779,2019-10-22
700984,676449,2019-10-21
703072,678464,2019-10-18
704616,679954,2019-10-17
703714,679084,2019-10-16
707582,682816,2019-10-15
704093,679449,2019-10-14
709251,684427,2019-10-11
714408,689403,2019-10-10
714146,689150,2019-10-09
710298,685437,2019-10-08
711819,686905,2019-10-07
714648,689635,2019-10-04
712049,687127,2019-10-03
704954,680280,2019-10-02
695712,671362,2019-10-01
705213,680530,2019-09-30
710155,685299,2019-09-27
713613,688636,2019-09-26
723544,698219,2019-09-25
717038,691941,2019-09-24
715919,690861,2019-09-23
709262,684437,2019-09-20
706195,681478,2019-09-19
707127,682377,2019-09-18
706245,681526,2019-09-17
704582,679921,2019-09-16
702464,677877,2019-09-13
707130,682380,2019-09-12
702511,677923,2019-09-11
701382,676833,2019-09-10
714209,674927,2019-09-09
706609,667745,2019-09-06
724636,684781,2019-09-05
724447,684602,2019-09-04
720512,680883,2019-09-03
717724,678249,2019-09-02
719677,680094,2019-08-30
727179,687184,2019-08-29
727041,687053,2019-08-28
722859,683101,2019-08-27
718786,679252,2019-08-26
705507,666704,2019-08-23
707638,668717,2019-08-22
707590,668672,2019-08-21
706912,668031,2019-08-20
708414,669451,2019-08-19
715534,676179,2019-08-16
713997,674727,2019-08-15
711575,672438,2019-08-14
718530,679010,2019-08-13
706078,667243,2019-08-12
707508,668595,2019-08-09
705810,666990,2019-08-08
703269,664589,2019-08-07
689730,651794,2019-08-06
685197,647511,2019-08-05
671113,634201,2019-08-02
652526,616637,2019-08-01
664350,627810,2019-07-31
661412,625034,2019-07-30
658100,621904,2019-07-29
656527,620418,2019-07-26
661473,625091,2019-07-25
659154,622900,2019-07-24
655123,619091,2019-07-23
658191,621990,2019-07-22
665756,629139,2019-07-19
657244,621095,2019-07-18
646640,611074,2019-07-17
652420,616536,2019-07-16
657995,621805,2019-07-15
656749,620627,2019-07-12
665912,629286,2019-07-11
651787,615938,2019-07-10
650634,614849,2019-07-09
657022,620885,2019-07-08
661543,625158,2019-07-05
661623,625233,2019-07-04
666824,630148,2019-07-03
651191,615375,2019-07-02
647737,612111,2019-07-01
665377,628781,2019-06-28
658475,622258,2019-06-27
662822,626366,2019-06-26
673638,636587,2019-06-25
660005,623704,2019-06-24
653421,617482,2019-06-21
642535,607195,2019-06-20
638303,603196,2019-06-19
639466,604295,2019-06-18
633413,598575,2019-06-17
636671,601654,2019-06-14
630403,595730,2019-06-13
630363,595693,2019-06-12
624660,590303,2019-06-11
628165,593615,2019-06-10
617043,583105,2019-05-31
611335,577711,2019-05-29
611363,577738,2019-05-28
613743,579987,2019-05-27
615007,581181,2019-05-24
612559,578868,2019-05-23
610576,576994,2019-05-22
610603,577019,2019-05-21
606830,573454,2019-05-20
612977,579263,2019-05-17
617095,583155,2019-05-16
616381,582480,2019-05-16
616549,582638,2019-05-15
616263,582369,2019-05-15
611745,578099,2019-05-14
612453,578768,2019-05-14
605517,572213,2019-05-13
605988,572659,2019-05-13
606966,573583,2019-05-10
606588,573225,2019-05-10
604546,571296,2019-05-09
603134,569961,2019-05-09
605511,572208,2019-05-08
604993,571719,2019-05-08
603392,570205,2019-05-07
603721,570517,2019-05-07
602315,569188,2019-05-06
601798,568699,2019-05-06
596566,563755,2019-05-03
595910,563135,2019-05-03
595154,562420,2019-05-02
596934,564103,2019-05-02
600276,567261,2019-04-30
599014,566068,2019-04-30
598307,565400,2019-04-29
600409,567387,2019-04-29
597841,564960,2019-04-26
597235,564387,2019-04-26
592280,559704,2019-04-25
592187,559616,2019-04-25
590104,557648,2019-04-24
589316,556904,2019-04-24
590885,558386,2019-04-23
590885,558386,2019-04-23
590506,558028,2019-04-22
590460,557985,2019-04-22
591150,558637,2019-04-18
589389,556973,2019-04-18
594626,562272,2019-04-16
594997,562272,2019-04-16
595626,562867,2019-04-15
598228,565325,2019-04-15
602095,568979,2019-04-12
602327,569199,2019-04-12
607424,574015,2019-04-11
608728,575248,2019-04-11
607045,573657,2019-04-10
605834,572513,2019-04-10
606831,573455,2019-04-09
605200,571914,2019-04-09
603922,570706,2019-04-08
603363,570178,2019-04-08
601947,568840,2019-04-05
602507,569369,2019-04-05
605343,572049,2019-04-04
604640,571385,2019-04-04
602941,569779,2019-04-02
603409,570222,2019-04-02
604878,571609,2019-04-01
605862,572540,2019-04-01
571000,571000,2019-03-29
572285,572285,2019-03-29
577791,577791,2019-03-28
578409,578409,2019-03-28
580211,580211,2019-03-27
580917,580917,2019-03-27
581699,581699,2019-03-26
583466,583466,2019-03-26
580145,580145,2019-03-25
579396,579396,2019-03-25
575588,575588,2019-03-22
608762,575280,2019-03-22
616312,582415,2019-03-21
616265,582371,2019-03-21
610491,576914,2019-03-20
611240,577622,2019-03-20
611830,578179,2019-03-19
612018,578357,2019-03-19
610671,577084,2019-03-18
612462,578777,2019-03-17
612462,578777,2019-03-17
612462,578777,2019-03-17
612462,578777,2019-03-16
612462,578777,2019-03-16
612462,578777,2019-03-15
609927,576381,2019-03-15
611574,577938,2019-03-15
611574,577938,2019-03-14
613452,579713,2019-03-14
613241,579513,2019-03-14
613241,579513,2019-03-13
612443,578759,2019-03-13
610395,576823,2019-03-12
609924,576378,2019-03-12
610221,576659,2019-03-11
610080,576526,2019-03-11
601991,568881,2019-03-11
601991,568881,2019-03-10
601991,568881,2019-03-10
601991,568881,2019-03-09
601991,568881,2019-03-09
601991,568881,2019-03-08
598780,565847,2019-03-08
599959,566962,2019-03-08
599959,566962,2019-03-07
599959,566962,2019-03-07
599959,566962,2019-03-06
598843,565907,2019-03-06
598810,565875,2019-03-06
598810,565875,2019-03-05
599229,566271,2019-03-05
599504,566532,2019-03-05
599504,566532,2019-03-04
602572,569430,2019-03-04
605508,572205,2019-03-03
605508,572205,2019-03-03
605508,572205,2019-03-02
605508,572205,2019-03-02
605508,572205,2019-03-01
608331,574873,2019-03-01
610864,577267,2019-03-01
610864,577267,2019-02-28
608419,574956,2019-02-28
610933,577331,2019-02-27
611485,577853,2019-02-27
612020,578359,2019-02-26
612712,579013,2019-02-26
615309,581468,2019-02-26
615309,581468,2019-02-25
616190,582299,2019-02-25
613559,579813,2019-02-25
613559,579813,2019-02-24
613559,579813,2019-02-24
613559,579813,2019-02-23
613559,579813,2019-02-23
613559,579813,2019-02-22
614253,580469,2019-02-22
619638,585558,2019-02-22
619638,585558,2019-02-21
619129,585077,2019-02-21
623496,589204,2019-02-21
623496,589204,2019-02-20
625122,590740,2019-02-20
617093,583153,2019-02-20
617093,583153,2019-02-19
615328,581485,2019-02-19
614643,580838,2019-02-19
614643,580838,2019-02-18
615759,581892,2019-02-18
610176,576617,2019-02-17
610176,576617,2019-02-17
610176,576617,2019-02-16
610176,576617,2019-02-16
610176,576617,2019-02-15
608877,575389,2019-02-15
605105,571824,2019-02-15
605105,571824,2019-02-14
605059,571781,2019-02-14
608962,575469,2019-02-14
608962,575469,2019-02-13
608266,574812,2019-02-13
606337,572989,2019-02-13
606337,572989,2019-02-12
604443,571199,2019-02-12
603077,569908,2019-02-12
603077,569908,2019-02-11
602244,569120,2019-02-11
602244,569120,2019-02-11
602244,569120,2019-02-10
602244,569120,2019-02-10
602244,569120,2019-02-09
602244,569120,2019-02-09
602244,569120,2019-02-08
601968,568859,2019-02-08
597611,564742,2019-02-08
597611,564742,2019-02-07
597794,564915,2019-02-07
604759,571497,2019-02-07
604759,571497,2019-02-06
604023,570802,2019-02-06
602758,569607,2019-02-05
602758,569607,2019-02-05
602758,569607,2019-02-04
604415,571172,2019-02-04
607944,574507,2019-02-04
607944,574507,2019-02-03
607944,574507,2019-02-03
607944,574507,2019-02-02
607944,574507,2019-02-02
607944,574507,2019-02-01
607576,574159,2019-02-01
599432,569460,2019-01-31
598479,568555,2019-01-31
623058,591905,2019-01-31
623058,591905,2019-01-30
622575,591446,2019-01-30
618982,588033,2019-01-30
618982,588033,2019-01-29
617538,586661,2019-01-29
618413,587492,2019-01-28
618636,587704,2019-01-28
613213,582552,2019-01-28
613213,582552,2019-01-27
613213,582552,2019-01-27
613213,582552,2019-01-26
613213,582552,2019-01-26
613213,582552,2019-01-25
612280,581666,2019-01-25
612816,582176,2019-01-25
612816,582176,2019-01-24
614574,583846,2019-01-24
615901,585106,2019-01-24
615901,585106,2019-01-23
615489,584714,2019-01-23
615121,584365,2019-01-23
615121,584365,2019-01-22
612986,582336,2019-01-22
613349,582682,2019-01-22
613349,582682,2019-01-21
613611,582930,2019-01-21
616240,585428,2019-01-21
616240,585428,2019-01-20
616240,585428,2019-01-20
616240,585428,2019-01-19
616240,585428,2019-01-19
616240,585428,2019-01-18
616464,585641,2019-01-18
615624,584843,2019-01-17
616518,585692,2019-01-17
613713,583027,2019-01-17
613713,583027,2019-01-16
613416,582745,2019-01-16
613142,582485,2019-01-16
613142,582485,2019-01-15
614852,584110,2019-01-15
613367,582699,2019-01-15
613367,582699,2019-01-14
612960,582312,2019-01-14
613395,582726,2019-01-13
613395,582726,2019-01-13
613395,582726,2019-01-12
613395,582726,2019-01-12
613395,582726,2019-01-11
611950,581353,2019-01-11
616602,585772,2019-01-11
616602,585772,2019-01-10
616117,585312,2019-01-10
611115,580559,2019-01-09
612007,581407,2019-01-09
610601,580071,2019-01-09
610601,580071,2019-01-08
612985,582335,2019-01-08
621535,590458,2019-01-08
621535,590458,2019-01-07
626511,595185,2019-01-07
626511,595185,2019-01-06
626511,595185,2019-01-06
626511,595185,2019-01-05
626511,595185,2019-01-05
626511,595185,2019-01-04
627462,596089,2019-01-04
625506,594231,2019-01-04
625506,594231,2019-01-03
625925,594630,2019-01-03
623971,592773,2019-01-03
623971,592773,2019-01-02
621574,590496,2019-01-02
625240,593978,2019-01-02
625240,593978,2019-01-01
625240,593978,2019-01-01
625240,593978,2018-12-31
625240,593978,2018-12-31
625240,593978,2018-12-30
625240,593978,2018-12-30
625240,593978,2018-12-29
625240,593978,2018-12-29
625240,593978,2018-12-28
624401,593181,2018-12-28
623354,592186,2018-12-27
622362,591243,2018-12-27
622124,591018,2018-12-27
622124,591018,2018-12-26
618757,587819,2018-12-26
614547,583820,2018-12-26
614547,583820,2018-12-25
614547,583820,2018-12-25
614547,583820,2018-12-24
614547,583820,2018-12-24
614547,583820,2018-12-23
614547,583820,2018-12-23
614547,583820,2018-12-22
614547,583820,2018-12-22
614547,583820,2018-12-21
614445,583722,2018-12-21
608320,577904,2018-12-21
608320,577904,2018-12-20
606284,575969,2018-12-20
611043,580491,2018-12-20
611043,580491,2018-12-19
610027,579525,2018-12-19
612372,581754,2018-12-18
611621,581040,2018-12-18
606687,576352,2018-12-18
606687,576352,2018-12-17
606057,575754,2018-12-17
610885,580341,2018-12-17
610885,580341,2018-12-16
610885,580341,2018-12-16
610885,580341,2018-12-15
610885,580341,2018-12-15
610885,580341,2018-12-14
610290,579776,2018-12-14
611078,580524,2018-12-14
611078,580524,2018-12-13
609867,579374,2018-12-13
610896,580352,2018-12-13
610896,580352,2018-12-12
610763,580225,2018-12-12
609727,579240,2018-12-11
608175,577766,2018-12-11
601771,571682,2018-12-11
601771,571682,2018-12-10
601027,570975,2018-12-10
601027,570975,2018-12-10
601027,570975,2018-12-09
601027,570975,2018-12-09
601027,570975,2018-12-08
601027,570975,2018-12-08
601027,570975,2018-12-07
599599,569619,2018-12-07
598986,569037,2018-12-07
598986,569037,2018-12-06
600298,570283,2018-12-06
596348,566531,2018-12-06
596348,566531,2018-12-05
595616,565835,2018-12-05
594915,565169,2018-12-05
594915,565169,2018-12-04
591590,562010,2018-12-04
595464,565691,2018-12-04
595464,565691,2018-12-03
592430,562809,2018-12-03
595367,565598,2018-12-03
595367,565598,2018-12-02
595367,565598,2018-12-02
595367,565598,2018-12-01
595367,565598,2018-12-01
595367,565598,2018-11-30
594900,565155,2018-11-30
601095,571040,2018-11-30
601095,571040,2018-11-29
599321,569355,2018-11-29
595220,565459,2018-11-29
595220,565459,2018-11-28
595800,566010,2018-11-28
595175,565416,2018-11-28
598882,568938,2018-11-28
598882,568938,2018-11-27
599580,569601,2018-11-27
602684,572550,2018-11-27
602684,572550,2018-11-26
602291,572176,2018-11-26
602534,572407,2018-11-26
602534,572407,2018-11-25
602534,572407,2018-11-25
602534,572407,2018-11-24
602534,572407,2018-11-24
602534,572407,2018-11-23
604848,574606,2018-11-23
605153,574895,2018-11-23
605153,574895,2018-11-22
604921,574675,2018-11-22
602700,572565,2018-11-22
602700,572565,2018-11-21
601891,571796,2018-11-21
602008,571908,2018-11-21
602008,571908,2018-11-20
602008,571908,2018-11-20
602008,571908,2018-11-19
602278,572164,2018-11-19
602983,572834,2018-11-16
602827,572686,2018-11-16
603918,573722,2018-11-16
603918,573722,2018-11-15
602942,572795,2018-11-15
601101,571046,2018-11-15
601101,571046,2018-11-14
602003,571903,2018-11-14
600166,570158,2018-11-14
600166,570158,2018-11-13
601262,571199,2018-11-13
601497,571422,2018-11-13
601497,571422,2018-11-13
599061,569108,2018-11-12
598518,568594,2018-11-12
600768,570730,2018-11-12
600971,570922,2018-11-12
600971,570922,2018-11-11
600971,570922,2018-11-11
600971,570922,2018-11-10
600971,570922,2018-11-10
600971,570922,2018-11-09
600663,570630,2018-11-09
604352,574135,2018-11-08
607253,576891,2018-11-08
616595,585765,2018-11-08
616595,585765,2018-11-07
615497,584722,2018-11-07
623920,592724,2018-11-07
616244,585431,2018-11-07
627616,596236,2018-11-07
627616,596236,2018-11-06
622175,591066,2018-11-06
624980,593731,2018-11-06
624980,593731,2018-11-05
624702,593467,2018-11-05
628035,596634,2018-11-05
628035,596634,2018-11-04
628035,596634,2018-11-04
628035,596634,2018-11-03
628035,596634,2018-11-03
628035,596634,2018-11-02
626876,595533,2018-11-02
629504,598029,2018-11-02
629504,598029,2018-11-01
622550,591422,2018-11-01
622863,591720,2018-11-01
622863,591720,2018-10-31
624589,593359,2018-10-31
625220,593959,2018-10-31
625220,593959,2018-10-30
626864,595521,2018-10-30
627616,596236,2018-10-29
629460,597987,2018-10-29
630564,599036,2018-10-29
630564,599036,2018-10-28
630564,599036,2018-10-28
630564,599036,2018-10-27
630564,599036,2018-10-27
630564,599036,2018-10-26
628681,597247,2018-10-26
626673,595340,2018-10-26
626673,595340,2018-10-25
628596,597166,2018-10-25
624783,593544,2018-10-25
624783,593544,2018-10-24
625544,594267,2018-10-24
624757,593519,2018-10-24
624757,593519,2018-10-23
618862,587919,2018-10-23
619296,588331,2018-10-23
619296,588331,2018-10-22
620293,589278,2018-10-22
619450,588478,2018-10-22
619450,588478,2018-10-21
619450,588478,2018-10-21
619450,588478,2018-10-20
619450,588478,2018-10-20
619450,588478,2018-10-19
619161,588203,2018-10-19
616697,585862,2018-10-19
616697,585862,2018-10-18
617102,586247,2018-10-18
619200,588240,2018-10-18
619200,588240,2018-10-17
618042,587140,2018-10-17
621440,590368,2018-10-17
621440,590368,2018-10-16
620355,589338,2018-10-16
603071,572917,2018-10-16
603071,572917,2018-10-15
618478,587554,2018-10-15
618478,587554,2018-10-14
618478,587554,2018-10-14
618478,587554,2018-10-13
618478,587554,2018-10-13
618478,587554,2018-10-12
594859,565116,2018-10-12
598866,568923,2018-10-12
587587,558208,2018-10-12
587587,558208,2018-10-11
583467,554294,2018-10-11
580659,551626,2018-10-11
580659,551626,2018-10-10
582296,553181,2018-10-10
582825,553684,2018-10-10
582825,553684,2018-10-09
581231,552169,2018-10-09
583497,554322,2018-10-09
583497,554322,2018-10-08
583880,554686,2018-10-08
585476,556202,2018-10-08
585476,556202,2018-10-07
585476,556202,2018-10-07
585476,556202,2018-10-06
585476,556202,2018-10-06
585476,556202,2018-10-05
583431,554259,2018-10-05
583577,554398,2018-10-05
583577,554398,2018-10-04
580542,551515,2018-10-04
583816,554625,2018-10-04
583816,554625,2018-10-03
581710,552625,2018-10-03
575007,546257,2018-10-03
575007,546257,2018-10-02
570879,542335,2018-10-02
568430,540009,2018-10-02
568430,540009,2018-10-01
570613,542082,2018-10-01
568002,539602,2018-10-01
568002,539602,2018-09-30
568002,539602,2018-09-30
568002,539602,2018-09-29
568002,539602,2018-09-29
568002,539602,2018-09-28
568422,540001,2018-09-28
573934,545237,2018-09-28
573934,545237,2018-09-27
575159,546401,2018-09-27
576149,547342,2018-09-27
576149,547342,2018-09-26
575361,546593,2018-09-26
574547,545820,2018-09-26
574547,545820,2018-09-25
572908,544263,2018-09-25
572927,544281,2018-09-24
570084,541580,2018-09-24
576027,547226,2018-09-21
576462,547639,2018-09-21
573418,544747,2018-09-20
577685,548801,2018-09-20
576258,547445,2018-09-19
574987,546238,2018-09-19
574685,545951,2018-09-18
572089,543485,2018-09-18
571716,543130,2018-09-17
569991,541491,2018-09-17
575548,546771,2018-09-17
575548,546771,2018-09-17
575548,546771,2018-09-16
575548,546771,2018-09-16
575548,546771,2018-09-14
572920,544274,2018-09-14
573762,545074,2018-09-13
575564,546786,2018-09-13
571273,542709,2018-09-12
569643,541161,2018-09-12
569772,541283,2018-09-12
569772,541283,2018-09-12
569772,541283,2018-09-10
571687,543103,2018-09-10
574640,545908,2018-09-10
574640,545908,2018-09-10
574640,545908,2018-09-09
574640,545908,2018-09-09
574640,545908,2018-09-07
575609,546829,2018-09-07
575619,546838,2018-09-06
575599,546819,2018-09-06
573200,544540,2018-09-05
569888,541394,2018-09-05
570560,542032,2018-09-04
569886,541392,2018-09-04
571205,542645,2018-09-03
567374,539005,2018-09-03
570288,541774,2018-09-03
570288,541774,2018-09-03
570288,541774,2018-09-02
570288,541774,2018-09-02
570288,541774,2018-08-31
566350,538033,2018-08-31
566670,538337,2018-08-30
567482,539108,2018-08-30
566263,537950,2018-08-29
565705,537420,2018-08-29
570014,541513,2018-08-28
567711,539325,2018-08-28
565715,537429,2018-08-27
568235,539823,2018-08-27
560814,532773,2018-08-27
560814,532773,2018-08-27
560814,532773,2018-08-26
560814,532773,2018-08-26
560814,532773,2018-08-24
557848,529956,2018-08-24
558802,530862,2018-08-23
557714,529828,2018-08-23
560070,532067,2018-08-23
560070,532067,2018-08-23
560070,532067,2018-08-21
559714,531728,2018-08-21
557164,529306,2018-08-20
557044,529192,2018-08-20
555380,527611,2018-08-20
555380,527611,2018-08-20
555380,527611,2018-08-19
555380,527611,2018-08-19
555380,527611,2018-08-18
555380,527611,2018-08-18
555380,527611,2018-08-16
551089,523535,2018-08-16
558098,530193,2018-08-15
559623,531642,2018-08-15
561594,533514,2018-08-14
560679,532645,2018-08-14
565138,536881,2018-08-13
560947,532900,2018-08-13
560682,532648,2018-08-13
560682,532648,2018-08-13
560682,532648,2018-08-12
560682,532648,2018-08-12
560682,532648,2018-08-10
562224,534113,2018-08-10
562033,533931,2018-08-09
563959,535761,2018-08-09
562965,534817,2018-08-08
564838,536596,2018-08-08
564973,536724,2018-08-07
563313,535147,2018-08-07
564659,536426,2018-08-06
567153,538795,2018-08-06
562915,534769,2018-08-06
562915,534769,2018-08-06
562915,534769,2018-08-05
562915,534769,2018-08-05
562915,534769,2018-08-03
561060,533007,2018-08-03
565797,537507,2018-08-02
566226,537915,2018-08-02
567916,539520,2018-08-01
566738,538401,2018-08-01
564917,536671,2018-07-31
565520,537244,2018-07-31
565886,537592,2018-07-30
568424,540003,2018-07-30
567568,539190,2018-07-30
567568,539190,2018-07-30
567568,539190,2018-07-29
567568,539190,2018-07-29
567568,539190,2018-07-27
568433,540011,2018-07-27
570477,541953,2018-07-26
574804,546064,2018-07-26
573162,544504,2018-07-25
572749,544112,2018-07-25
572173,543564,2018-07-24
568355,539937,2018-07-24
571418,542847,2018-07-23
575082,546328,2018-07-23
571067,542514,2018-07-23
571067,542514,2018-07-23
571067,542514,2018-07-22
571067,542514,2018-07-22
571067,542514,2018-07-20
565039,536787,2018-07-20
564969,536721,2018-07-19
567172,538813,2018-07-19
566069,537766,2018-07-18
568418,539997,2018-07-18
575941,547144,2018-07-17
574253,545540,2018-07-17
581239,541243,2018-07-16
579261,539401,2018-07-16
578497,538689,2018-07-16
578497,538689,2018-07-16
578497,538689,2018-07-15
578497,538689,2018-07-15
578497,538689,2018-07-13
584529,544307,2018-07-13
583550,543395,2018-07-12
581065,541081,2018-07-12
584803,544562,2018-07-11
582106,542051,2018-07-11
583572,543415,2018-07-10
586287,545943,2018-07-10
587181,546776,2018-07-09
588881,548359,2018-07-09
587402,546982,2018-07-09
587402,546982,2018-07-09
587402,546982,2018-07-08
587402,546982,2018-07-08
587402,546982,2018-07-06
586548,545095,2018-07-06
585827,556536,2018-07-05
585112,555857,2018-07-05
585139,555882,2018-07-04
595565,565787,2018-07-04
588846,559404,2018-07-03
582920,553774,2018-07-03
586990,557640,2018-07-02
591051,561499,2018-07-02
590598,561068,2018-07-02
590598,561068,2018-07-02
590598,561068,2018-07-01
590598,561068,2018-07-01
590598,561068,2018-06-29
584269,555056,2018-06-29
585028,555777,2018-06-28
582119,553013,2018-06-28
584920,566787,2018-06-28
584920,566787,2018-06-28
584920,566787,2018-06-26
585013,566877,2018-06-26
575968,558689,2018-06-25
575855,558579,2018-06-25
575370,558109,2018-06-25
575370,558109,2018-06-25
575370,558109,2018-06-24
575370,558109,2018-06-24
575370,558109,2018-06-22
574097,556874,2018-06-22
572701,555520,2018-06-21
566392,549400,2018-06-21
568761,551698,2018-06-21
569704,552613,2018-06-20
580158,562753,2018-06-20
580158,562753,2018-06-20
580158,562753,2018-06-19
580158,562753,2018-06-19
580158,562753,2018-06-18
580158,562753,2018-06-18
580158,562753,2018-06-17
580158,562753,2018-06-17
580158,562753,2018-06-16
580158,562753,2018-06-16
580158,562753,2018-06-15
580158,562753,2018-06-15
580158,562753,2018-06-14
580158,562753,2018-06-14
580158,562753,2018-06-12
580471,563057,2018-06-12
579389,562007,2018-06-11
580833,563408,2018-06-11
580297,562888,2018-06-11
580297,562888,2018-06-11
580297,562888,2018-06-10
580297,562888,2018-06-10
580297,562888,2018-06-08
578374,561023,2018-06-08
578726,561364,2018-06-07
578541,561185,2018-06-07
578478,561124,2018-06-06
579157,561782,2018-06-06
577179,559864,2018-06-05
576163,558878,2018-06-05
576939,559631,2018-06-04
580099,562696,2018-06-04
585419,567856,2018-06-04
585419,567856,2018-06-04
585419,567856,2018-06-03
585419,567856,2018-06-03
585419,567856,2018-06-02
585419,567856,2018-06-02
585419,567856,2018-05-31
587456,569832,2018-05-31
586003,568423,2018-05-30
587530,569904,2018-05-30
586581,568984,2018-05-30
586581,568984,2018-05-30
586581,568984,2018-05-28
591203,573467,2018-05-28
594505,576670,2018-05-28
594505,576670,2018-05-28
594505,576670,2018-05-27
594505,576670,2018-05-27
594505,576670,2018-05-25
594698,576857,2018-05-25
592374,574603,2018-05-24
590914,573187,2018-05-24
589710,572019,2018-05-23
589041,571370,2018-05-23
589862,572166,2018-05-22
588293,570644,2018-05-22
585262,567704,2018-05-21
584808,567264,2018-05-21
584754,567211,2018-05-21
584754,567211,2018-05-21
584754,567211,2018-05-20
584754,567211,2018-05-20
584754,567211,2018-05-18
583517,566011,2018-05-18
582608,565130,2018-05-17
586245,568658,2018-05-17
586367,568776,2018-05-16
583257,565759,2018-05-16
590343,572633,2018-05-15
590359,572648,2018-05-15
593693,575882,2018-05-14
596531,578635,2018-05-14
597542,579616,2018-05-14
597542,579616,2018-05-14
597542,579616,2018-05-13
597542,579616,2018-05-13
597542,579616,2018-05-11
597309,579390,2018-05-11
590838,573113,2018-05-11
590838,573113,2018-05-11
590838,573113,2018-05-09
591725,573973,2018-05-09
591955,574196,2018-05-08
589479,571795,2018-05-08
589577,571890,2018-05-07
590875,573149,2018-05-07
587051,569439,2018-05-07
587051,569439,2018-05-07
587051,569439,2018-05-06
587051,569439,2018-05-06
587051,569439,2018-05-04
589949,572251,2018-05-04
588530,570874,2018-05-03
586277,568689,2018-05-03
586748,569146,2018-05-02
584147,566623,2018-05-02
587828,570193,2018-05-02
587828,570193,2018-05-02
587828,570193,2018-04-30
590273,572565,2018-04-30
587792,570158,2018-04-30
587792,570158,2018-04-30
587792,570158,2018-04-29
587792,570158,2018-04-29
587792,570158,2018-04-27
589961,572262,2018-04-27
592837,575052,2018-04-26
591223,573486,2018-04-26
591339,573599,2018-04-25
593915,576098,2018-04-25
592722,574940,2018-04-24
592801,575017,2018-04-24
594195,576369,2018-04-23
592072,574310,2018-04-23
595849,577974,2018-04-23
595849,577974,2018-04-23
595849,577974,2018-04-22
595849,577974,2018-04-22
595849,577974,2018-04-20
594762,576919,2018-04-20
598625,580666,2018-04-19
597609,579681,2018-04-19
595537,577671,2018-04-18
595192,577336,2018-04-18
594470,576636,2018-04-17
596364,578473,2018-04-17
595550,577684,2018-04-16
596163,578278,2018-04-16
593090,575297,2018-04-16
593090,575297,2018-04-16
593090,575297,2018-04-15
593090,575297,2018-04-15
593090,575297,2018-04-13
592982,575193,2018-04-13
596947,579039,2018-04-12
596734,578832,2018-04-12
593822,576007,2018-04-11
593703,575892,2018-04-11
591480,573736,2018-04-10
590825,573100,2018-04-10
587956,570317,2018-04-09
590055,572353,2018-04-09
586614,569016,2018-04-09
586614,569016,2018-04-09
586614,569016,2018-04-08
586614,569016,2018-04-08
586614,569016,2018-04-06
589480,571796,2018-04-06
587104,569491,2018-04-05
588592,570934,2018-04-05
593932,576114,2018-04-04
590625,572906,2018-04-04
591962,574203,2018-04-03
591613,573865,2018-04-03
588770,571107,2018-04-02
587952,570313,2018-04-02
585843,568267,2018-04-02
585843,568267,2018-04-02
585843,568267,2018-04-01
585843,568267,2018-04-01
585843,568267,2018-03-31
585843,568267,2018-03-31
585843,568267,2018-03-29
586727,569125,2018-03-29
593209,575412,2018-03-28
593499,575694,2018-03-28
595791,577917,2018-03-27
599375,581393,2018-03-27
596337,578446,2018-03-26
596754,578851,2018-03-26
594086,576263,2018-03-26
594086,576263,2018-03-26
594086,576263,2018-03-25
594086,576263,2018-03-25
594086,576263,2018-03-23
599433,578716,2018-03-23
596614,566783,2018-03-23
602060,591529,2018-03-22
592510,581979,2018-03-21
595466,584860,2018-03-20
593373,582780,2018-03-19
593670,583063,2018-03-19
593670,583063,2018-03-19
593670,583063,2018-03-18
593670,583063,2018-03-18
593670,583063,2018-03-16
597595,586986,2018-03-15
598842,588241,2018-03-14
599023,588451,2018-03-13
599084,588500,2018-03-12
600638,588434,2018-03-12
599074,586799,2018-03-09
600143,587970,2018-03-08
603876,591956,2018-03-07
597419,585270,2018-03-06
598176,585994,2018-03-05
596521,584384,2018-03-02
597389,585163,2018-03-01
592868,580674,2018-02-28
599437,578234,2018-02-27
597621,585432,2018-02-26
598509,586424,2018-02-23
592313,580129,2018-02-22
594967,582723,2018-02-21
599851,587766,2018-02-20
600819,588856,2018-02-19
605158,593460,2018-02-15
599629,584852,2018-02-14
596359,581010,2018-02-13
593534,578154,2018-02-12
593494,578350,2018-02-09
590790,575377,2018-02-08
597086,581732,2018-02-07
597288,582124,2018-02-06
597611,582019,2018-02-05
598014,582998,2018-02-02
593655,578864,2018-02-01
593615,578276,2018-01-31
591355,575977,2018-01-30
594000,574000,2018-01-29
583890,579310,2018-01-26
582330,578050,2018-01-24
580120,575860,2018-01-23
556211,559984,2017-11-22
555666,559337,2017-11-21
560524,564301,2017-11-20
555531,559303,2017-11-16
557161,560933,2017-11-15
555604,559275,2017-11-14
553888,557358,2017-11-13
584000,574000,2017-11-10
584000,574000,2017-11-09
585000,575000,2017-11-08
585000,575000,2017-11-07
583500,573500,2017-11-06
583000,573000,2017-11-03
585000,574500,2017-11-02
582500,572500,2017-11-01
583000,573000,2017-10-31
582000,572000,2017-10-30
581500,571500,2017-10-27
583000,573000,2017-10-26
582500,575500,2017-10-25
584000,574000,2017-10-24
585500,575500,2017-10-23
582500,572000,2017-10-20
580000,570500,2017-10-19
579500,570000,2017-10-18
582000,572000,2017-10-17
586000,576000,2017-10-16
583500,573500,2017-10-12
581000,573000,2017-10-11
578000,570000,2017-10-10
576000,568000,2017-10-09
569000,561000,2017-10-06
570000,547000,2017-10-05
573000,565000,2017-10-04
573000,565000,2017-10-03
570000,562000,2017-10-02
571000,562500,2017-09-29
574500,566000,2017-09-28
571000,562500,2017-09-27
574000,565500,2017-09-26
576000,567000,2017-09-25
569500,561000,2017-09-22
567000,558500,2017-09-21
576000,567500,2017-09-20
573500,565000,2017-09-19
571500,563000,2017-09-18
577000,568500,2017-09-15
579000,570500,2017-09-14
576000,567500,2017-09-13
577500,569000,2017-09-12
577000,568500,2017-09-11
585500,576500,2017-09-08
589500,580500,2017-09-07
585500,577000,2017-09-06
588000,579000,2017-09-05
557500,549500,2017-09-04
582000,573500,2017-09-01
578500,570000,2017-08-31
575500,567000,2017-08-30
577500,568500,2017-08-29
576000,567500,2017-08-28
569000,560500,2017-08-25
566500,558000,2017-08-24
568000,559500,2017-08-23
566000,557500,2017-08-22
569000,560500,2017-08-21
567000,558500,2017-08-18
568000,560000,2017-08-17
564500,556000,2017-08-16
562500,554000,2017-08-15
566000,558000,2017-08-14
568000,559500,2017-08-11
565500,557000,2017-08-10
561000,552500,2017-08-09
553000,545000,2017-08-08
554000,546000,2017-08-07
554000,545500,2017-08-04
558500,550000,2017-08-03
560000,551500,2017-08-02
560000,552000,2017-08-01
558000,549500,2017-07-31
559000,550500,2017-07-28
555000,546500,2017-07-27
551000,542500,2017-07-26
550500,542500,2017-07-25
551000,543000,2017-07-24
551500,543000,2017-07-21
548500,540500,2017-07-20
546500,538500,2017-07-19
546000,538000,2017-07-18
543500,535500,2017-07-17
541000,533000,2017-07-14
537000,529000,2017-07-13
539000,531000,2017-07-12
538500,530500,2017-07-11
538000,530000,2017-07-10
537000,529000,2017-07-07
542000,534000,2017-07-06
540000,532000,2017-07-05
512500,504500,2017-07-04
539000,531000,2017-07-03
547000,539000,2017-06-30
548500,540500,2017-06-29
550000,541500,2017-06-28
549000,540500,2017-06-27
548500,540500,2017-06-26
552500,544500,2017-06-23
549500,541500,2017-06-22
548000,539500,2017-06-21
546000,537500,2017-06-20
547500,539000,2017-06-19
551500,543500,2017-06-16
550500,542500,2017-06-15
559500,551000,2017-06-14
557000,548500,2017-06-13
557000,549000,2017-06-12
558000,549500,2017-06-09
561500,553000,2017-06-08
567500,559000,2017-06-07
569000,560500,2017-06-06
562500,554000,2017-06-05
562000,554000,2017-06-02
559000,550500,2017-06-01
561000,552500,2017-05-31
557000,549000,2017-05-30
527000,519000,2017-05-29
558500,550000,2017-05-26
554000,546000,2017-05-25
552500,544500,2017-05-24
553500,545000,2017-05-23
556000,547500,2017-05-22
554000,545500,2017-05-19
554500,546000,2017-05-18
556000,547500,2017-05-17
546000,538000,2017-05-16
543500,535500,2017-05-15
