,Sell,Buy,Installment,Updated_at
0,911924,895965,911924,2022-05-13T16:00:39.990+0000
1,915896,899867,915896,2022-05-12T00:00:00.000Z
2,916307,900271,916307,2022-05-11T00:00:00.000Z
3,917879,901816,917879,2022-05-10T00:00:00.000Z
4,918811,902731,918811,2022-05-09T00:00:00.000Z
5,923967,907797,923967,2022-05-07T00:00:00.000Z
6,924982,908794,924982,2022-05-06T00:00:00.000Z
7,927197,910971,927197,2022-05-05T00:00:00.000Z
8,922068,905931,922068,2022-05-04T00:00:00.000Z
9,921173,905052,921173,2022-05-03T00:00:00.000Z
10,920977,904859,920977,2022-05-02T00:00:00.000Z
11,923948,907778,923948,2022-04-30T00:00:00.000Z
12,928303,912057,928303,2022-04-29T00:00:00.000Z
13,920785,904671,920785,2022-04-28T00:00:00.000Z
14,923982,907812,923982,2022-04-27T00:00:00.000Z
15,924371,908194,924371,2022-04-26T00:00:00.000Z
16,928345,912098,928345,2022-04-25T00:00:00.000Z
17,938394,921972,938394,2022-04-23T00:00:00.000Z
18,938767,922338,938767,2022-04-22T00:00:00.000Z
19,940505,924046,940505,2022-04-21T00:00:00.000Z
20,940487,924028,940487,2022-04-20T00:00:00.000Z
21,946386,929824,946386,2022-04-19T00:00:00.000Z
22,952185,935521,952185,2022-04-18T00:00:00.000Z
23,948233,931638,948233,2022-04-16T00:00:00.000Z
24,948254,931659,948254,2022-04-15T00:00:00.000Z
25,947864,931276,947864,2022-04-14T00:00:00.000Z
26,945872,929319,945872,2022-04-13T00:00:00.000Z
27,942887,926386,942887,2022-04-12T00:00:00.000Z
28,938390,921968,938390,2022-04-11T00:00:00.000Z
29,933236,916904,933236,2022-04-09T00:00:00.000Z
30,933201,916869,933201,2022-04-08T00:00:00.000Z
31,929744,913473,929744,2022-04-07T00:00:00.000Z
32,930319,914038,930319,2022-04-06T00:00:00.000Z
33,936458,920069,936458,2022-04-05T00:00:00.000Z
34,934820,918460,934820,2022-04-04T00:00:00.000Z
35,934378,918026,934378,2022-04-02T00:00:00.000Z
36,935028,918665,935028,2022-04-01T00:00:00.000Z
37,933136,916806,933136,2022-03-31T00:00:00.000Z
38,931272,914974,931272,2022-03-30T00:00:00.000Z
39,930688,914400,930688,2022-03-29T00:00:00.000Z
40,940870,924404,940870,2022-03-28T00:00:00.000Z
41,933111,916781,933111,2022-03-26T00:00:00.000Z
42,935298,918930,935298,2022-03-25T00:00:00.000Z
43,934237,917887,934237,2022-03-24T00:00:00.000Z
44,918315,902244,918315,2022-03-23T00:00:00.000Z
45,922526,906381,922526,2022-03-22T00:00:00.000Z
46,918876,902795,918876,2022-03-21T00:00:00.000Z
47,921082,904963,921082,2022-03-19T00:00:00.000Z
48,923161,907005,923161,2022-03-18T00:00:00.000Z
49,926836,910616,926836,2022-03-17T00:00:00.000Z
50,916984,900936,916984,2022-03-16T00:00:00.000Z
51,920921,904804,920921,2022-03-15T00:00:00.000Z
52,937104,920704,937104,2022-03-14T00:00:00.000Z
53,940812,924347,940812,2022-03-12T00:00:00.000Z
54,937935,921521,937935,2022-03-11T00:00:00.000Z
55,941515,925038,941515,2022-03-10T00:00:00.000Z
56,948019,931428,948019,2022-03-09T00:00:00.000Z
57,978409,961286,978409,2022-03-08T00:00:00.000Z
58,942123,925635,942123,2022-03-07T00:00:00.000Z
59,935876,919498,935876,2022-03-05T00:00:00.000Z
60,921037,904918,921037,2022-03-04T00:00:00.000Z
61,919142,903057,919142,2022-03-03T00:00:00.000Z
62,919538,903446,919538,2022-03-02T00:00:00.000Z
63,912911,896935,912911,2022-03-01T00:00:00.000Z
64,915266,899248,915266,2022-02-28T00:00:00.000Z
65,915291,899273,915291,2022-02-26T00:00:00.000Z
66,915291,899273,915291,2022-02-25T00:00:00.000Z
67,913472,897486,913472,2022-02-24T00:00:00.000Z
68,903887,888068,903887,2022-02-23T00:00:00.000Z
69,900421,884663,900421,2022-02-22T00:00:00.000Z
70,896285,880600,896285,2022-02-21T00:00:00.000Z
71,900052,884301,900052,2022-02-19T00:00:00.000Z
72,899919,884170,899919,2022-02-18T00:00:00.000Z
73,897933,882219,897933,2022-02-17T00:00:00.000Z
74,880387,864980,880387,2022-02-16T00:00:00.000Z
75,882026,866590,882026,2022-02-15T00:00:00.000Z
76,890412,874829,890412,2022-02-14T00:00:00.000Z
77,886522,871007,886522,2022-02-12T00:00:00.000Z
78,875424,860104,875424,2022-02-11T00:00:00.000Z
79,875681,860356,875681,2022-02-10T00:00:00.000Z
80,873008,857730,873008,2022-02-09T00:00:00.000Z
81,871902,856643,871902,2022-02-08T00:00:00.000Z
82,867257,852080,867257,2022-02-07T00:00:00.000Z
83,863977,848857,863977,2022-02-05T00:00:00.000Z
84,862627,847531,862627,2022-02-04T00:00:00.000Z
85,860566,845506,860566,2022-02-03T00:00:00.000Z
86,862455,847362,862455,2022-02-02T00:00:00.000Z
87,862089,847002,862089,2022-02-01T00:00:00.000Z
88,857874,842861,857874,2022-01-31T00:00:00.000Z
89,859310,844272,859310,2022-01-29T00:00:00.000Z
90,859314,844276,859314,2022-01-28T00:00:00.000Z
91,878174,862805,878174,2022-01-27T00:00:00.000Z
92,886358,870846,886358,2022-01-26T00:00:00.000Z
93,882080,866643,882080,2022-01-25T00:00:00.000Z
94,880554,865144,880554,2022-01-24T00:00:00.000Z
95,875203,859886,875203,2022-01-22T00:00:00.000Z
96,880799,865385,880799,2022-01-21T00:00:00.000Z
97,881309,865886,881309,2022-01-20T00:00:00.000Z
98,871757,856501,871757,2022-01-19T00:00:00.000Z
99,867884,852696,867884,2022-01-18T00:00:00.000Z
100,869575,854357,869575,2022-01-17T00:00:00.000Z
101,869367,854153,869367,2022-01-15T00:00:00.000Z
102,869367,854153,869367,2022-01-14T00:00:00.000Z
103,868995,853787,868995,2022-01-13T00:00:00.000Z
104,869225,854013,869225,2022-01-12T00:00:00.000Z
105,862123,847035,862123,2022-01-11T00:00:00.000Z
106,857824,842812,857824,2022-01-10T00:00:00.000Z
107,858789,843760,858789,2022-01-08T00:00:00.000Z
108,858792,843763,858792,2022-01-07T00:00:00.000Z
109,860624,845563,860624,2022-01-06T00:00:00.000Z
110,869848,854625,869848,2022-01-05T00:00:00.000Z
111,866194,851035,866194,2022-01-04T00:00:00.000Z
112,860407,845349,860407,2022-01-03T00:00:00.000Z
113,859460,844419,859460,2022-01-01T00:00:00.000Z
114,859460,844419,859460,2021-12-31T00:00:00.000Z
115,860269,845214,860269,2021-12-30T00:00:00.000Z
116,857276,842273,857276,2021-12-29T00:00:00.000Z
117,862891,847790,862891,2021-12-28T00:00:00.000Z
118,859578,844535,859578,2021-12-27T00:00:00.000Z
119,860311,845255,860311,2021-12-25T00:00:00.000Z
120,860311,845255,860311,2021-12-24T00:00:00.000Z
121,859167,844131,859167,2021-12-23T00:00:00.000Z
122,856222,841238,856222,2021-12-22T00:00:00.000Z
123,857877,842864,857877,2021-12-21T00:00:00.000Z
124,863554,848441,863554,2021-12-20T00:00:00.000Z
125,866459,851295,866459,2021-12-18T00:00:00.000Z
126,866456,851293,866456,2021-12-17T00:00:00.000Z
127,856446,841458,856446,2021-12-16T00:00:00.000Z
128,847284,832456,847284,2021-12-15T00:00:00.000Z
129,848749,833895,848749,2021-12-14T00:00:00.000Z
130,856009,841028,856009,2021-12-13T00:00:00.000Z
131,854767,839808,854767,2021-12-11T00:00:00.000Z
132,855761,840785,855761,2021-12-10T00:00:00.000Z
133,852758,837834,852758,2021-12-09T00:00:00.000Z
134,854117,839169,854117,2021-12-08T00:00:00.000Z
135,856338,841352,856338,2021-12-07T00:00:00.000Z
136,858244,843224,858244,2021-12-06T00:00:00.000Z
137,856756,841762,856756,2021-12-04T00:00:00.000Z
138,851087,836192,851087,2021-12-03T00:00:00.000Z
139,850419,835536,850419,2021-12-02T00:00:00.000Z
140,856547,841557,856547,2021-12-01T00:00:00.000Z
141,854509,839555,854509,2021-11-30T00:00:00.000Z
142,854522,839567,854522,2021-11-29T00:00:00.000Z
143,856116,841133,856116,2021-11-27T00:00:00.000Z
144,856120,841137,856120,2021-11-26T00:00:00.000Z
145,854286,839335,854286,2021-11-25T00:00:00.000Z
146,849652,834783,849652,2021-11-24T00:00:00.000Z
147,852105,837193,852105,2021-11-23T00:00:00.000Z
148,876272,860937,876272,2021-11-22T00:00:00.000Z
149,880311,864905,880311,2021-11-20T00:00:00.000Z
150,884477,868998,884477,2021-11-19T00:00:00.000Z
151,887692,872157,887692,2021-11-18T00:00:00.000Z
152,886924,871402,886924,2021-11-17T00:00:00.000Z
153,885554,870056,885554,2021-11-16T00:00:00.000Z
154,885820,870318,885820,2021-11-15T00:00:00.000Z
155,885836,870333,885836,2021-11-13T00:00:00.000Z
156,882433,866990,882433,2021-11-12T00:00:00.000Z
157,886342,870831,886342,2021-11-11T00:00:00.000Z
158,884178,868704,884178,2021-11-10T00:00:00.000Z
159,870946,855704,870946,2021-11-09T00:00:00.000Z
160,868183,852989,868183,2021-11-08T00:00:00.000Z
161,868353,853156,868353,2021-11-06T00:00:00.000Z
162,860530,845470,860530,2021-11-05T00:00:00.000Z
163,860386,845329,860386,2021-11-04T00:00:00.000Z
164,843064,828310,843064,2021-11-03T00:00:00.000Z
165,852616,837695,852616,2021-11-02T00:00:00.000Z
166,852534,837614,852534,2021-11-01T00:00:00.000Z
167,851436,836535,851436,2021-10-30T00:00:00.000Z
168,851436,836535,851436,2021-10-29T00:00:00.000Z
169,851518,836616,851518,2021-10-28T00:00:00.000Z
170,849553,834685,849553,2021-10-27T00:00:00.000Z
171,846946,832124,846946,2021-10-26T00:00:00.000Z
172,855345,840376,855345,2021-10-25T00:00:00.000Z
173,846118,831310,846118,2021-10-23T00:00:00.000Z
174,842545,827800,842545,2021-10-22T00:00:00.000Z
175,843067,828313,843067,2021-10-21T00:00:00.000Z
176,838938,824256,838938,2021-10-20T00:00:00.000Z
177,834785,820176,834785,2021-10-19T00:00:00.000Z
178,836242,821607,836242,2021-10-18T00:00:00.000Z
179,832951,818374,832951,2021-10-16T00:00:00.000Z
180,835201,820584,835201,2021-10-15T00:00:00.000Z
181,848797,833943,848797,2021-10-14T00:00:00.000Z
182,848744,833890,848744,2021-10-13T00:00:00.000Z
183,836182,821548,836182,2021-10-12T00:00:00.000Z
184,834939,820327,834939,2021-10-11T00:00:00.000Z
185,835248,820631,835248,2021-10-09T00:00:00.000Z
186,835720,821094,835720,2021-10-08T00:00:00.000Z
187,835600,820977,835600,2021-10-07T00:00:00.000Z
188,839967,825267,839967,2021-10-06T00:00:00.000Z
189,839211,824524,839211,2021-10-05T00:00:00.000Z
190,842040,827304,842040,2021-10-04T00:00:00.000Z
191,841431,826705,841431,2021-10-02T00:00:00.000Z
192,840786,826072,840786,2021-10-01T00:00:00.000Z
193,832379,817812,832379,2021-09-30T00:00:00.000Z
194,830243,815713,830243,2021-09-29T00:00:00.000Z
195,828607,814106,828607,2021-09-28T00:00:00.000Z
196,836132,821499,836132,2021-09-27T00:00:00.000Z
197,832959,818382,832959,2021-09-25T00:00:00.000Z
198,834113,819516,834113,2021-09-24T00:00:00.000Z
199,842109,827372,842109,2021-09-23T00:00:00.000Z
200,846125,831317,846125,2021-09-22T00:00:00.000Z
201,843560,828797,843560,2021-09-21T00:00:00.000Z
202,836753,822109,836753,2021-09-20T00:00:00.000Z
203,834736,820128,834736,2021-09-18T00:00:00.000Z
204,835803,821176,835803,2021-09-17T00:00:00.000Z
205,837047,822398,837047,2021-09-16T00:00:00.000Z
206,854086,839139,854086,2021-09-15T00:00:00.000Z
207,855098,840133,855098,2021-09-14T00:00:00.000Z
208,851455,836554,851455,2021-09-13T00:00:00.000Z
209,846529,831714,846529,2021-09-11T00:00:00.000Z
210,849824,834952,849824,2021-09-10T00:00:00.000Z
211,848221,833377,848221,2021-09-09T00:00:00.000Z
212,847329,832500,847329,2021-09-08T00:00:00.000Z
213,855209,840242,855209,2021-09-07T00:00:00.000Z
214,866764,851595,866764,2021-09-06T00:00:00.000Z
215,871247,856000,871247,2021-09-04T00:00:00.000Z
216,872771,857497,872771,2021-09-03T00:00:00.000Z
217,864525,849395,864525,2021-09-02T00:00:00.000Z
218,864627,849496,864627,2021-09-01T00:00:00.000Z
219,866564,851399,866564,2021-08-31T00:00:00.000Z
220,872748,857474,872748,2021-08-30T00:00:00.000Z
221,868530,853330,868530,2021-08-28T00:00:00.000Z
222,868527,853327,868527,2021-08-27T00:00:00.000Z
223,863257,848150,863257,2021-08-26T00:00:00.000Z
224,860646,845584,860646,2021-08-25T00:00:00.000Z
225,868525,853325,868525,2021-08-24T00:00:00.000Z
226,867418,852238,867418,2021-08-23T00:00:00.000Z
227,861492,846415,861492,2021-08-21T00:00:00.000Z
228,861492,846415,861492,2021-08-20T00:00:00.000Z
229,859077,844043,859077,2021-08-19T00:00:00.000Z
230,856584,841593,856584,2021-08-18T00:00:00.000Z
231,851856,836948,851856,2021-08-17T00:00:00.000Z
232,854330,839379,854330,2021-08-16T00:00:00.000Z
233,851374,836474,851374,2021-08-14T00:00:00.000Z
234,848183,833339,848183,2021-08-13T00:00:00.000Z
235,836418,821780,836418,2021-08-12T00:00:00.000Z
236,835180,820564,835180,2021-08-11T00:00:00.000Z
237,826132,811674,826132,2021-08-10T00:00:00.000Z
238,827004,812531,827004,2021-08-09T00:00:00.000Z
239,840364,825657,840364,2021-08-07T00:00:00.000Z
240,841219,826497,841219,2021-08-06T00:00:00.000Z
241,860115,845062,860115,2021-08-05T00:00:00.000Z
242,861197,846126,861197,2021-08-04T00:00:00.000Z
243,863790,848673,863790,2021-08-03T00:00:00.000Z
244,871022,855779,871022,2021-08-02T00:00:00.000Z
245,866350,851188,866350,2021-07-31T00:00:00.000Z
246,867169,851993,867169,2021-07-30T00:00:00.000Z
247,870775,855536,870775,2021-07-29T00:00:00.000Z
248,867818,852631,867818,2021-07-28T00:00:00.000Z
249,870126,854898,870126,2021-07-27T00:00:00.000Z
250,868866,853660,868866,2021-07-26T00:00:00.000Z
251,868351,853154,868351,2021-07-24T00:00:00.000Z
252,862481,847387,862481,2021-07-23T00:00:00.000Z
253,858846,843816,858846,2021-07-22T00:00:00.000Z
254,865416,850271,865416,2021-07-21T00:00:00.000Z
255,875404,860084,875404,2021-07-20T00:00:00.000Z
256,870344,855112,870344,2021-07-19T00:00:00.000Z
257,870306,855075,870306,2021-07-17T00:00:00.000Z
258,870210,854981,870210,2021-07-16T00:00:00.000Z
259,873560,858272,873560,2021-07-15T00:00:00.000Z
260,877539,862182,877539,2021-07-14T00:00:00.000Z
261,871102,855857,871102,2021-07-13T00:00:00.000Z
262,870366,855134,870366,2021-07-12T00:00:00.000Z
263,874926,859614,874926,2021-07-10T00:00:00.000Z
264,874733,859425,874733,2021-07-09T00:00:00.000Z
265,871316,856067,871316,2021-07-08T00:00:00.000Z
266,871685,856430,871685,2021-07-07T00:00:00.000Z
267,877411,862056,877411,2021-07-06T00:00:00.000Z
268,870835,855595,870835,2021-07-05T00:00:00.000Z
269,871730,856474,871730,2021-07-03T00:00:00.000Z
270,869839,854616,869839,2021-07-02T00:00:00.000Z
271,866787,851618,866787,2021-07-01T00:00:00.000Z
272,866254,851094,866254,2021-06-30T00:00:00.000Z
273,865384,850239,865384,2021-06-29T00:00:00.000Z
274,861615,846536,861615,2021-06-28T00:00:00.000Z
275,865225,850083,865225,2021-06-26T00:00:00.000Z
276,865225,850083,865225,2021-06-25T00:00:00.000Z
277,862097,847010,862097,2021-06-24T00:00:00.000Z
278,868890,853684,868890,2021-06-23T00:00:00.000Z
279,859393,844353,859393,2021-06-22T00:00:00.000Z
280,864744,849610,864744,2021-06-21T00:00:00.000Z
281,855735,840759,855735,2021-06-19T00:00:00.000Z
282,857848,842835,857848,2021-06-18T00:00:00.000Z
283,849479,834613,849479,2021-06-17T00:00:00.000Z
284,881959,866524,881959,2021-06-16T00:00:00.000Z
285,881957,866522,881957,2021-06-15T00:00:00.000Z
286,884174,868700,884174,2021-06-14T00:00:00.000Z
287,880317,864911,880317,2021-06-12T00:00:00.000Z
288,879898,864499,879898,2021-06-11T00:00:00.000Z
289,891113,875518,891113,2021-06-10T00:00:00.000Z
290,894341,878690,894341,2021-06-09T00:00:00.000Z
291,892359,876742,892359,2021-06-08T00:00:00.000Z
292,892740,877117,892740,2021-06-07T00:00:00.000Z
293,893855,878212,893855,2021-06-05T00:00:00.000Z
294,894654,878997,894654,2021-06-04T00:00:00.000Z
295,893666,878026,893666,2021-06-03T00:00:00.000Z
296,896732,881039,896732,2021-06-02T00:00:00.000Z
297,894482,878828,894482,2021-06-01T00:00:00.000Z
298,896029,880348,896029,2021-05-31T00:00:00.000Z
299,891690,876085,891690,2021-05-29T00:00:00.000Z
300,891690,876085,891690,2021-05-28T00:00:00.000Z
301,891844,876236,891844,2021-05-27T00:00:00.000Z
302,880451,865043,880451,2021-05-26T00:00:00.000Z
303,873806,858514,873806,2021-05-25T00:00:00.000Z
304,896280,880595,896280,2021-05-24T00:00:00.000Z
305,873926,858632,873926,2021-05-22T00:00:00.000Z
306,873926,858632,873926,2021-05-21T00:00:00.000Z
307,880663,865251,880663,2021-05-20T00:00:00.000Z
308,888494,872945,888494,2021-05-19T00:00:00.000Z
309,863211,848104,863211,2021-05-18T00:00:00.000Z
310,878696,863318,878696,2021-05-17T00:00:00.000Z
311,871204,855957,871204,2021-05-15T00:00:00.000Z
312,868619,853418,868619,2021-05-14T00:00:00.000Z
313,857758,842747,857758,2021-05-13T00:00:00.000Z
314,861237,846165,861237,2021-05-12T00:00:00.000Z
315,865891,850737,865891,2021-05-11T00:00:00.000Z
316,864635,849503,864635,2021-05-10T00:00:00.000Z
317,873458,858172,873458,2021-05-07T00:00:00.000Z
318,862805,847705,862805,2021-05-06T00:00:00.000Z
319,854396,839444,854396,2021-05-05T00:00:00.000Z
320,852150,837237,852150,2021-05-04T00:00:00.000Z
321,860186,845132,860186,2021-05-03T00:00:00.000Z
322,847720,832884,847720,2021-05-01T00:00:00.000Z
323,847099,832274,847099,2021-04-30T00:00:00.000Z
324,849107,834247,849107,2021-04-29T00:00:00.000Z
325,862097,847010,862097,2021-04-28T00:00:00.000Z
326,864367,849240,864367,2021-04-27T00:00:00.000Z
327,853203,838271,853203,2021-04-26T00:00:00.000Z
328,854901,839940,854901,2021-04-24T00:00:00.000Z
329,853753,838812,853753,2021-04-23T00:00:00.000Z
330,857768,842757,857768,2021-04-22T00:00:00.000Z
331,865340,850196,865340,2021-04-21T00:00:00.000Z
332,855151,840185,855151,2021-04-20T00:00:00.000Z
333,859879,844831,859879,2021-04-19T00:00:00.000Z
334,863787,848670,863787,2021-04-17T00:00:00.000Z
335,864948,849811,864948,2021-04-16T00:00:00.000Z
336,864177,849053,864177,2021-04-15T00:00:00.000Z
337,850223,835344,850223,2021-04-14T00:00:00.000Z
338,853679,838739,853679,2021-04-13T00:00:00.000Z
339,850627,835741,850627,2021-04-12T00:00:00.000Z
340,851601,836697,851601,2021-04-10T00:00:00.000Z
341,851844,836936,851844,2021-04-09T00:00:00.000Z
342,862576,847480,862576,2021-04-08T00:00:00.000Z
343,853067,838138,853067,2021-04-07T00:00:00.000Z
344,860585,845524,860585,2021-04-06T00:00:00.000Z
345,859774,844727,859774,2021-04-05T00:00:00.000Z
346,859992,844942,859992,2021-04-02T00:00:00.000Z
347,859646,844602,859646,2021-04-01T00:00:00.000Z
348,847628,832794,847628,2021-03-31T00:00:00.000Z
349,831733,817177,831733,2021-03-30T00:00:00.000Z
350,841558,826830,841558,2021-03-29T00:00:00.000Z
351,847942,833103,847942,2021-03-26T00:00:00.000Z
352,852275,837360,852275,2021-03-25T00:00:00.000Z
353,851444,836543,851444,2021-03-24T00:00:00.000Z
354,847505,832673,847505,2021-03-23T00:00:00.000Z
355,852711,837788,852711,2021-03-22T00:00:00.000Z
356,851339,836440,851339,2021-03-19T00:00:00.000Z
357,848594,833743,848594,2021-03-18T00:00:00.000Z
358,849384,834519,849384,2021-03-17T00:00:00.000Z
359,851671,836766,851671,2021-03-16T00:00:00.000Z
360,846652,831835,846652,2021-03-15T00:00:00.000Z
361,844796,830012,844796,2021-03-13T00:00:00.000Z
362,834751,820142,834751,2021-03-12T00:00:00.000Z
363,847603,832769,847603,2021-03-11T00:00:00.000Z
364,844957,830170,844957,2021-03-10T00:00:00.000Z
365,848064,833222,848064,2021-03-09T00:00:00.000Z
366,826811,812341,826811,2021-03-08T00:00:00.000Z
367,832948,818371,832948,2021-03-06T00:00:00.000Z
368,830703,816165,830703,2021-03-05T00:00:00.000Z
369,841189,826468,841189,2021-03-04T00:00:00.000Z
370,833309,818726,833309,2021-03-03T00:00:00.000Z
371,846065,831258,846065,2021-03-02T00:00:00.000Z
372,849803,834931,849803,2021-03-01T00:00:00.000Z
373,839119,824434,839119,2021-02-27T00:00:00.000Z
374,844526,829746,844526,2021-02-26T00:00:00.000Z
375,843820,829053,843820,2021-02-25T00:00:00.000Z
376,858630,843603,858630,2021-02-24T00:00:00.000Z
377,868063,852871,868063,2021-02-23T00:00:00.000Z
378,872554,857284,872554,2021-02-22T00:00:00.000Z
379,856058,841076,856058,2021-02-20T00:00:00.000Z
380,857925,842911,857925,2021-02-19T00:00:00.000Z
381,851590,836687,851590,2021-02-18T00:00:00.000Z
382,852685,837763,852685,2021-02-17T00:00:00.000Z
383,862550,847455,862550,2021-02-16T00:00:00.000Z
384,866072,850915,866072,2021-02-15T00:00:00.000Z
385,872346,857079,872346,2021-02-13T00:00:00.000Z
386,866826,851656,866826,2021-02-12T00:00:00.000Z
387,880293,864887,880293,2021-02-11T00:00:00.000Z
388,879560,864167,879560,2021-02-10T00:00:00.000Z
389,877259,861906,877259,2021-02-09T00:00:00.000Z
390,880417,865009,880417,2021-02-08T00:00:00.000Z
391,869937,854713,869937,2021-02-06T00:00:00.000Z
392,866927,851755,866927,2021-02-05T00:00:00.000Z
393,849147,834286,849147,2021-02-04T00:00:00.000Z
394,868476,853277,868476,2021-02-03T00:00:00.000Z
395,870378,855146,870378,2021-02-02T00:00:00.000Z
396,884965,869478,884965,2021-02-01T00:00:00.000Z
397,877581,862223,877581,2021-01-30T00:00:00.000Z
398,883633,868169,883633,2021-01-29T00:00:00.000Z
399,886817,871297,886817,2021-01-28T00:00:00.000Z
400,878453,863080,878453,2021-01-27T00:00:00.000Z
401,884096,868624,884096,2021-01-26T00:00:00.000Z
402,879767,864371,879767,2021-01-25T00:00:00.000Z
403,881098,865678,881098,2021-01-23T00:00:00.000Z
404,880720,865307,880720,2021-01-22T00:00:00.000Z
405,884977,869489,884977,2021-01-21T00:00:00.000Z
406,887370,871841,887370,2021-01-20T00:00:00.000Z
407,878266,862896,878266,2021-01-19T00:00:00.000Z
408,874393,859091,874393,2021-01-18T00:00:00.000Z
409,864127,849004,864127,2021-01-16T00:00:00.000Z
410,866388,851226,866388,2021-01-15T00:00:00.000Z
411,873197,857916,873197,2021-01-14T00:00:00.000Z
412,878497,863123,878497,2021-01-13T00:00:00.000Z
413,877061,861712,877061,2021-01-12T00:00:00.000Z
414,875964,860634,875964,2021-01-11T00:00:00.000Z
415,865848,850695,865848,2021-01-09T00:00:00.000Z
416,872875,857599,872875,2021-01-08T00:00:00.000Z
417,894077,878430,894077,2021-01-07T00:00:00.000Z
418,892212,876598,892212,2021-01-06T00:00:00.000Z
419,908201,892307,908201,2021-01-05T00:00:00.000Z
420,907460,891579,907460,2021-01-04T00:00:00.000Z
421,903333,887524,903333,2021-01-02T00:00:00.000Z
422,902636,886839,902636,2021-01-01T00:00:00.000Z
423,896424,880736,896424,2020-12-31T00:00:00.000Z
424,889805,874233,889805,2020-12-30T00:00:00.000Z
425,892693,877070,892693,2020-12-29T00:00:00.000Z
426,900372,884615,900372,2020-12-28T00:00:00.000Z
427,896416,880728,896416,2020-12-25T00:00:00.000Z
428,894424,878771,894424,2020-12-24T00:00:00.000Z
429,895895,880216,895895,2020-12-23T00:00:00.000Z
430,893022,877394,893022,2020-12-22T00:00:00.000Z
431,893683,878043,893683,2020-12-21T00:00:00.000Z
432,897796,882084,897796,2020-12-20T00:00:00.000Z
433,900012,884261,900012,2020-12-18T00:00:00.000Z
434,905602,889753,905602,2020-12-17T00:00:00.000Z
435,889043,873484,889043,2020-12-16T00:00:00.000Z
436,887094,871569,887094,2020-12-15T00:00:00.000Z
437,877043,861694,877043,2020-12-14T00:00:00.000Z
438,880468,865059,880468,2020-12-12T00:00:00.000Z
439,883419,867959,883419,2020-12-11T00:00:00.000Z
440,880125,864722,880125,2020-12-10T00:00:00.000Z
441,882592,867146,882592,2020-12-09T00:00:00.000Z
442,895954,880274,895954,2020-12-08T00:00:00.000Z
443,896038,880357,896038,2020-12-07T00:00:00.000Z
444,888804,873249,888804,2020-12-05T00:00:00.000Z
445,889429,873863,889429,2020-12-04T00:00:00.000Z
446,886341,870830,886341,2020-12-03T00:00:00.000Z
447,881096,865676,881096,2020-12-02T00:00:00.000Z
448,873657,858368,873657,2020-12-01T00:00:00.000Z
449,855814,840837,855814,2020-11-30T00:00:00.000Z
450,862133,847045,862133,2020-11-28T00:00:00.000Z
451,860354,845297,860354,2020-11-27T00:00:00.000Z
452,873172,857891,873172,2020-11-26T00:00:00.000Z
453,873497,858210,873497,2020-11-25T00:00:00.000Z
454,873586,858298,873586,2020-11-24T00:00:00.000Z
455,883677,868212,883677,2020-11-23T00:00:00.000Z
456,907725,891839,907725,2020-11-21T00:00:00.000Z
457,908691,892788,908691,2020-11-20T00:00:00.000Z
458,895254,879587,895254,2020-11-19T00:00:00.000Z
459,903697,887882,903697,2020-11-18T00:00:00.000Z
460,904657,888825,904657,2020-11-17T00:00:00.000Z
461,905699,889849,905699,2020-11-16T00:00:00.000Z
462,917726,901665,917726,2020-11-14T00:00:00.000Z
463,918016,901950,918016,2020-11-13T00:00:00.000Z
464,910268,894338,910268,2020-11-12T00:00:00.000Z
465,893136,877506,893136,2020-11-11T00:00:00.000Z
466,896331,880645,896331,2020-11-10T00:00:00.000Z
467,893959,878314,893959,2020-11-09T00:00:00.000Z
468,942366,925874,942366,2020-11-07T00:00:00.000Z
469,938616,922190,938616,2020-11-06T00:00:00.000Z
470,945688,929138,945688,2020-11-05T00:00:00.000Z
471,940743,924279,940743,2020-11-04T00:00:00.000Z
472,938962,922530,938962,2020-11-03T00:00:00.000Z
473,940336,923880,940336,2020-11-02T00:00:00.000Z
474,933763,917422,933763,2020-10-31T00:00:00.000Z
475,935297,918929,935297,2020-10-30T00:00:00.000Z
476,931981,915671,931981,2020-10-29T00:00:00.000Z
477,931391,915091,931391,2020-10-28T00:00:00.000Z
478,948204,931610,948204,2020-10-27T00:00:00.000Z
479,945841,929288,945841,2020-10-26T00:00:00.000Z
480,944367,927840,944367,2020-10-24T00:00:00.000Z
481,942045,925559,942045,2020-10-23T00:00:00.000Z
482,941679,925199,941679,2020-10-22T00:00:00.000Z
483,955382,938662,955382,2020-10-21T00:00:00.000Z
484,943409,926899,943409,2020-10-20T00:00:00.000Z
485,946261,929701,946261,2020-10-19T00:00:00.000Z
486,948010,931419,948010,2020-10-17T00:00:00.000Z
487,948606,932005,948606,2020-10-16T00:00:00.000Z
488,946680,930113,946680,2020-10-15T00:00:00.000Z
489,957568,928840,957568,2020-10-14T00:00:00.000Z
490,945357,916996,945357,2020-10-13T00:00:00.000Z
491,951955,923396,951955,2020-10-12T00:00:00.000Z
492,973540,944333,973540,2020-10-10T00:00:00.000Z
493,972213,943046,972213,2020-10-09T00:00:00.000Z
494,952964,924375,952964,2020-10-08T00:00:00.000Z
495,950397,921885,950397,2020-10-07T00:00:00.000Z
496,955799,927125,955799,2020-10-06T00:00:00.000Z
497,969944,940845,969944,2020-10-05T00:00:00.000Z
498,961857,933001,961857,2020-10-03T00:00:00.000Z
499,962916,934028,962916,2020-10-02T00:00:00.000Z
500,967721,938689,967721,2020-10-01T00:00:00.000Z
501,963753,934840,963753,2020-09-30T00:00:00.000Z
502,964646,935706,964646,2020-09-29T00:00:00.000Z
503,962909,934021,962909,2020-09-28T00:00:00.000Z
504,950825,922300,950825,2020-09-26T00:00:00.000Z
505,950184,921678,950184,2020-09-25T00:00:00.000Z
506,957353,928632,957353,2020-09-24T00:00:00.000Z
507,948171,919725,948171,2020-09-23T00:00:00.000Z
508,962184,933318,962184,2020-09-22T00:00:00.000Z
509,941664,913414,941664,2020-09-21T00:00:00.000Z
510,975396,946134,975396,2020-09-18T00:00:00.000Z
511,971347,942206,971347,2020-09-17T00:00:00.000Z
512,982475,953000,982475,2020-09-16T00:00:00.000Z
513,982672,953191,982672,2020-09-15T00:00:00.000Z
514,981605,952156,981605,2020-09-14T00:00:00.000Z
515,975817,946542,975817,2020-09-12T00:00:00.000Z
516,980544,951127,980544,2020-09-11T00:00:00.000Z
517,980330,950920,980330,2020-09-10T00:00:00.000Z
518,975356,946095,975356,2020-09-09T00:00:00.000Z
519,966071,937088,966071,2020-09-08T00:00:00.000Z
520,966398,937406,966398,2020-09-07T00:00:00.000Z
521,963933,935015,963933,2020-09-05T00:00:00.000Z
522,960839,932013,960839,2020-09-04T00:00:00.000Z
523,962880,933993,962880,2020-09-03T00:00:00.000Z
524,965570,936602,965570,2020-09-02T00:00:00.000Z
525,965524,936558,965524,2020-09-01T00:00:00.000Z
526,964374,935442,964374,2020-08-31T00:00:00.000Z
527,972988,943798,972988,2020-08-29T00:00:00.000Z
528,974510,945274,974510,2020-08-28T00:00:00.000Z
529,977801,948466,977801,2020-08-27T00:00:00.000Z
530,958173,929427,958173,2020-08-26T00:00:00.000Z
531,940899,912672,940899,2020-08-25T00:00:00.000Z
532,954282,925653,954282,2020-08-24T00:00:00.000Z
533,949406,920923,949406,2020-08-22T00:00:00.000Z
534,942231,913964,942231,2020-08-21T00:00:00.000Z
535,947856,919420,947856,2020-08-20T00:00:00.000Z
536,969501,940415,969501,2020-08-19T00:00:00.000Z
537,992438,962664,992438,2020-08-18T00:00:00.000Z
538,993692,963881,993692,2020-08-17T00:00:00.000Z
539,971295,942156,971295,2020-08-15T00:00:00.000Z
540,970689,941568,970689,2020-08-14T00:00:00.000Z
541,970708,941586,970708,2020-08-13T00:00:00.000Z
542,954251,925623,954251,2020-08-12T00:00:00.000Z
543,958206,929459,958206,2020-08-11T00:00:00.000Z
544,998003,968062,998003,2020-08-10T00:00:00.000Z
545,993351,963550,993351,2020-08-08T00:00:00.000Z
546,992908,963120,992908,2020-08-07T00:00:00.000Z
547,998380,968428,998380,2020-08-06T00:00:00.000Z
548,988712,959050,988712,2020-08-05T00:00:00.000Z
549,973483,944278,973483,2020-08-04T00:00:00.000Z
550,958088,929345,958088,2020-08-03T00:00:00.000Z
551,955903,927225,955903,2020-08-01T00:00:00.000Z
552,955217,926560,955217,2020-07-31T00:00:00.000Z
553,941121,912887,941121,2020-07-30T00:00:00.000Z
554,938223,910076,938223,2020-07-29T00:00:00.000Z
555,933632,905623,933632,2020-07-28T00:00:00.000Z
556,940039,911837,940039,2020-07-27T00:00:00.000Z
557,920289,892680,920289,2020-07-25T00:00:00.000Z
558,919713,892121,919713,2020-07-24T00:00:00.000Z
559,914517,887081,914517,2020-07-23T00:00:00.000Z
560,903296,876197,903296,2020-07-22T00:00:00.000Z
561,903159,876064,903159,2020-07-21T00:00:00.000Z
562,895210,868353,895210,2020-07-20T00:00:00.000Z
563,893324,866524,893324,2020-07-18T00:00:00.000Z
564,890567,863849,890567,2020-07-17T00:00:00.000Z
565,882213,855746,882213,2020-07-16T00:00:00.000Z
566,879849,853453,879849,2020-07-15T00:00:00.000Z
567,880335,853924,880335,2020-07-14T00:00:00.000Z
568,876666,850366,876666,2020-07-13T00:00:00.000Z
569,877494,851169,877494,2020-07-11T00:00:00.000Z
570,879188,852812,879188,2020-07-10T00:00:00.000Z
571,875444,849180,875444,2020-07-09T00:00:00.000Z
572,878636,852276,878636,2020-07-08T00:00:00.000Z
573,873708,847496,873708,2020-07-07T00:00:00.000Z
574,869912,843814,869912,2020-07-06T00:00:00.000Z
575,868696,842635,868696,2020-07-03T00:00:00.000Z
576,864190,838264,864190,2020-07-02T00:00:00.000Z
577,848698,823237,848698,2020-07-01T00:00:00.000Z
578,862041,836179,862041,2020-06-30T00:00:00.000Z
579,848349,822898,848349,2020-06-29T00:00:00.000Z
580,848589,823131,848589,2020-06-28T00:00:00.000Z
581,848695,823234,848695,2020-06-27T00:00:00.000Z
582,845544,820177,845544,2020-06-26T00:00:00.000Z
583,840588,815370,840588,2020-06-25T00:00:00.000Z
584,839966,814767,839966,2020-06-24T00:00:00.000Z
585,850450,824936,850450,2020-06-23T00:00:00.000Z
586,838919,813751,838919,2020-06-22T00:00:00.000Z
587,840165,814960,840165,2020-06-20T00:00:00.000Z
588,840356,815145,840356,2020-06-19T00:00:00.000Z
589,826742,801939,826742,2020-06-18T00:00:00.000Z
590,830831,805906,830831,2020-06-17T00:00:00.000Z
591,827182,802366,827182,2020-06-16T00:00:00.000Z
592,829320,804440,829320,2020-06-15T00:00:00.000Z
593,831546,806599,831546,2020-06-13T00:00:00.000Z
594,834497,809462,834497,2020-06-12T00:00:00.000Z
595,823086,798393,823086,2020-06-11T00:00:00.000Z
596,819904,795306,819904,2020-06-10T00:00:00.000Z
597,825551,800784,825551,2020-06-09T00:00:00.000Z
598,817597,793069,817597,2020-06-08T00:00:00.000Z
599,806646,782446,806646,2020-06-06T00:00:00.000Z
600,803029,778938,803029,2020-06-05T00:00:00.000Z
601,835121,810067,835121,2020-06-04T00:00:00.000Z
602,819231,794654,819231,2020-06-03T00:00:00.000Z
603,843148,817853,843148,2020-06-02T00:00:00.000Z
604,859270,833491,859270,2020-06-01T00:00:00.000Z
605,856297,830608,856297,2020-05-30T00:00:00.000Z
606,857583,831855,857583,2020-05-29T00:00:00.000Z
607,857779,832045,857779,2020-05-28T00:00:00.000Z
608,842906,817618,842906,2020-05-27T00:00:00.000Z
609,852703,827121,852703,2020-05-26T00:00:00.000Z
610,861413,835570,861413,2020-05-25T00:00:00.000Z
611,863646,837736,863646,2020-05-23T00:00:00.000Z
612,863181,837285,863181,2020-05-22T00:00:00.000Z
613,863403,837500,863403,2020-05-21T00:00:00.000Z
614,871118,844984,871118,2020-05-20T00:00:00.000Z
615,868289,842240,868289,2020-05-19T00:00:00.000Z
616,871850,845694,871850,2020-05-18T00:00:00.000Z
617,876479,850184,876479,2020-05-16T00:00:00.000Z
618,875179,848923,875179,2020-05-15T00:00:00.000Z
619,866075,840092,866075,2020-05-14T00:00:00.000Z
620,856414,830721,856414,2020-05-13T00:00:00.000Z
621,855137,829482,855137,2020-05-12T00:00:00.000Z
622,848834,823368,848834,2020-05-11T00:00:00.000Z
623,857605,831876,857605,2020-05-09T00:00:00.000Z
624,861708,835856,861708,2020-05-08T00:00:00.000Z
625,859386,833604,859386,2020-05-06T00:00:00.000Z
626,856021,830340,856021,2020-05-05T00:00:00.000Z
627,861666,835816,861666,2020-05-04T00:00:00.000Z
628,868357,842306,868357,2020-04-30T00:00:00.000Z
629,873891,847674,873891,2020-04-29T00:00:00.000Z
630,878455,852101,878455,2020-04-28T00:00:00.000Z
631,884501,857965,884501,2020-04-27T00:00:00.000Z
632,895516,868650,895516,2020-04-24T00:00:00.000Z
633,898625,871666,898625,2020-04-23T00:00:00.000Z
634,891254,864516,891254,2020-04-22T00:00:00.000Z
635,882040,855578,882040,2020-04-21T00:00:00.000Z
636,867747,841714,867747,2020-04-20T00:00:00.000Z
637,889127,862453,889127,2020-04-17T00:00:00.000Z
638,910296,882987,910296,2020-04-16T00:00:00.000Z
639,893641,866831,893641,2020-04-15T00:00:00.000Z
640,902433,875360,902433,2020-04-14T00:00:00.000Z
641,903061,875969,903061,2020-04-13T00:00:00.000Z
642,915009,887558,915009,2020-04-10T00:00:00.000Z
643,898252,871304,898252,2020-04-09T00:00:00.000Z
644,886977,860367,886977,2020-04-08T00:00:00.000Z
645,884537,858000,884537,2020-04-07T00:00:00.000Z
646,879153,852778,879153,2020-04-06T00:00:00.000Z
647,861185,835349,861185,2020-04-03T00:00:00.000Z
648,852558,826981,852558,2020-04-02T00:00:00.000Z
649,848121,822677,848121,2020-04-01T00:00:00.000Z
650,850136,824631,850136,2020-03-31T00:00:00.000Z
651,845947,820568,845947,2020-03-30T00:00:00.000Z
652,841771,816517,841771,2020-03-27T00:00:00.000Z
653,844919,819571,844919,2020-03-26T00:00:00.000Z
654,864045,838123,864045,2020-03-24T00:00:00.000Z
655,789698,766007,789698,2020-03-23T00:00:00.000Z
656,788541,764884,788541,2020-03-20T00:00:00.000Z
657,736649,714549,736649,2020-03-19T00:00:00.000Z
658,751599,729051,751599,2020-03-18T00:00:00.000Z
659,739636,717446,739636,2020-03-17T00:00:00.000Z
660,753396,730794,753396,2020-03-16T00:00:00.000Z
661,750412,727899,757806,2020-03-14T00:00:00.000Z
662,775762,752489,775762,2020-03-13T00:00:00.000Z
663,753892,731275,753892,2020-03-12T00:00:00.000Z
664,784053,760531,784052,2020-03-11T00:00:00.000Z
665,791379,767637,791379,2020-03-10T00:00:00.000Z
666,795268,771409,795268,2020-03-09T00:00:00.000Z
667,790922,767194,790922,2020-03-06T00:00:00.000Z
668,766913,743905,766913,2020-03-05T00:00:00.000Z
669,765818,742843,765818,2020-03-04T00:00:00.000Z
670,749748,727255,749749,2020-03-03T00:00:00.000Z
671,765073,742120,765073,2020-03-02T00:00:00.000Z
672,769597,746509,769597,2020-02-28T00:00:00.000Z
673,762267,739398,762267,2020-02-27T00:00:00.000Z
674,760676,737855,760676,2020-02-26T00:00:00.000Z
675,757383,734661,757383,2020-02-25T00:00:00.000Z
676,772445,749271,772445,2020-02-24T00:00:00.000Z
677,747927,725489,747927,2020-02-21T00:00:00.000Z
678,735240,713182,735240,2020-02-20T00:00:00.000Z
679,732318,710348,732318,2020-02-19T00:00:00.000Z
680,720757,699134,720757,2020-02-18T00:00:00.000Z
681,718525,696969,718525,2020-02-17T00:00:00.000Z
682,717023,695512,717023,2020-02-14T00:00:00.000Z
683,715559,694092,715559,2020-02-13T00:00:00.000Z
684,709609,688320,709609,2020-02-12T00:00:00.000Z
685,713692,692281,713692,2020-02-11T00:00:00.000Z
686,717523,695997,717523,2020-02-10T00:00:00.000Z
687,710767,689443,710767,2020-02-07T00:00:00.000Z
688,708428,687175,708428,2020-02-06T00:00:00.000Z
689,709937,688638,709937,2020-02-05T00:00:00.000Z
690,718000,696460,718000,2020-02-04T00:00:00.000Z
691,718465,696911,718465,2020-02-03T00:00:00.000Z
692,716899,695392,716899,2020-01-31T00:00:00.000Z
693,718156,696611,718156,2020-01-30T00:00:00.000Z
694,711425,690082,711425,2020-01-29T00:00:00.000Z
695,716557,695060,716557,2020-01-28T00:00:00.000Z
696,714275,692846,714275,2020-01-27T00:00:00.000Z
697,706427,685234,706427,2020-01-24T00:00:00.000Z
698,705227,684070,705227,2020-01-23T00:00:00.000Z
699,708365,687114,708365,2020-01-22T00:00:00.000Z
700,706438,685244,706438,2020-01-21T00:00:00.000Z
701,708904,687636,708904,2020-01-20T00:00:00.000Z
702,707782,686548,707782,2020-01-17T00:00:00.000Z
703,705992,684812,705992,2020-01-16T00:00:00.000Z
704,708473,687218,708473,2020-01-15T00:00:00.000Z
705,702221,681154,702221,2020-01-14T00:00:00.000Z
706,707682,686451,707682,2020-01-13T00:00:00.000Z
707,713502,692096,713502,2020-01-10T00:00:00.000Z
708,714172,692746,714172,2020-01-09T00:00:00.000Z
709,734354,712323,734354,2020-01-08T00:00:00.000Z
710,725842,704066,725842,2020-01-07T00:00:00.000Z
711,733044,711052,733044,2020-01-06T00:00:00.000Z
712,715728,694256,715728,2020-01-03T00:00:00.000Z
713,704639,683499,704639,2020-01-02T00:00:00.000Z
714,707630,686401,707630,2019-12-31T00:00:00.000Z
715,703535,682428,703535,2019-12-30T00:00:00.000Z
716,703179,682083,703179,2019-12-27T00:00:00.000Z
717,702207,681140,702207,2019-12-26T00:00:00.000Z
718,692427,671654,692427,2019-12-23T00:00:00.000Z
719,689974,669274,689974,2019-12-20T00:00:00.000Z
720,688568,667910,688568,2019-12-19T00:00:00.000Z
721,691578,670830,691578,2019-12-18T00:00:00.000Z
722,692579,671801,692579,2019-12-17T00:00:00.000Z
723,690059,669357,690059,2019-12-16T00:00:00.000Z
724,687606,666977,687606,2019-12-13T00:00:00.000Z
725,690099,669396,690099,2019-12-12T00:00:00.000Z
726,686517,665921,686517,2019-12-11T00:00:00.000Z
727,684575,664037,684575,2019-12-10T00:00:00.000Z
728,684949,664400,684949,2019-12-09T00:00:00.000Z
729,690769,670045,690769,2019-12-06T00:00:00.000Z
730,693574,672766,693574,2019-12-05T00:00:00.000Z
731,699248,678270,699248,2019-12-04T00:00:00.000Z
732,690274,669565,690274,2019-12-03T00:00:00.000Z
733,686657,666057,686657,2019-12-02T00:00:00.000Z
734,686145,665560,686145,2019-11-29T00:00:00.000Z
735,686459,665865,686459,2019-11-28T00:00:00.000Z
736,686773,666169,686773,2019-11-27T00:00:00.000Z
737,685583,665015,685583,2019-11-26T00:00:00.000Z
738,686477,665882,686477,2019-11-25T00:00:00.000Z
739,691159,670424,691159,2019-11-22T00:00:00.000Z
740,695050,674198,695050,2019-11-21T00:00:00.000Z
741,696668,675767,696668,2019-11-20T00:00:00.000Z
742,692131,671367,692131,2019-11-19T00:00:00.000Z
743,687110,666496,687110,2019-11-18T00:00:00.000Z
744,689639,668949,689639,2019-11-15T00:00:00.000Z
745,692475,671700,692475,2019-11-14T00:00:00.000Z
746,687922,667284,687922,2019-11-13T00:00:00.000Z
747,683038,662546,683038,2019-11-12T00:00:00.000Z
748,686809,666204,686809,2019-11-11T00:00:00.000Z
749,689581,668893,689581,2019-11-08T00:00:00.000Z
750,698076,677133,698076,2019-11-07T00:00:00.000Z
751,695222,674365,695222,2019-11-06T00:00:00.000Z
752,704327,679675,704327,2019-11-05T00:00:00.000Z
753,709155,684334,709155,2019-11-04T00:00:00.000Z
754,711575,686669,711575,2019-11-01T00:00:00.000Z
755,704681,680017,704681,2019-10-31T00:00:00.000Z
756,700374,675860,700374,2019-10-30T00:00:00.000Z
757,701392,676843,701392,2019-10-29T00:00:00.000Z
758,706124,681409,706124,2019-10-28T00:00:00.000Z
759,706341,681619,706341,2019-10-25T00:00:00.000Z
760,699861,675365,699861,2019-10-24T00:00:00.000Z
761,700743,676216,700743,2019-10-23T00:00:00.000Z
762,697181,672779,697181,2019-10-22T00:00:00.000Z
763,700984,676449,700984,2019-10-21T00:00:00.000Z
764,703072,678464,703072,2019-10-18T00:00:00.000Z
765,704616,679954,704616,2019-10-17T00:00:00.000Z
766,703714,679084,703714,2019-10-16T00:00:00.000Z
767,707582,682816,707582,2019-10-15T00:00:00.000Z
768,704093,679449,704093,2019-10-14T00:00:00.000Z
769,709251,684427,709251,2019-10-11T00:00:00.000Z
770,714408,689403,714408,2019-10-10T00:00:00.000Z
771,714146,689150,714146,2019-10-09T00:00:00.000Z
772,710298,685437,710298,2019-10-08T00:00:00.000Z
773,711819,686905,711819,2019-10-07T00:00:00.000Z
774,714648,689635,714648,2019-10-04T00:00:00.000Z
775,712049,687127,712049,2019-10-03T00:00:00.000Z
776,704954,680280,704954,2019-10-02T00:00:00.000Z
777,695712,671362,695712,2019-10-01T00:00:00.000Z
778,705213,680530,705213,2019-09-30T00:00:00.000Z
779,710155,685299,710155,2019-09-27T00:00:00.000Z
780,713613,688636,713613,2019-09-26T00:00:00.000Z
781,723544,698219,723544,2019-09-25T00:00:00.000Z
782,717038,691941,717038,2019-09-24T00:00:00.000Z
783,715919,690861,715919,2019-09-23T00:00:00.000Z
784,709262,684437,709262,2019-09-20T00:00:00.000Z
785,706195,681478,706195,2019-09-19T00:00:00.000Z
786,707127,682377,707127,2019-09-18T00:00:00.000Z
787,706245,681526,706245,2019-09-17T00:00:00.000Z
788,704582,679921,704582,2019-09-16T00:00:00.000Z
789,702464,677877,702464,2019-09-13T00:00:00.000Z
790,707130,682380,707130,2019-09-12T00:00:00.000Z
791,702511,677923,702511,2019-09-11T00:00:00.000Z
792,701382,676833,701382,2019-09-10T00:00:00.000Z
793,714209,674927,714209,2019-09-09T00:00:00.000Z
794,706609,667745,706609,2019-09-06T00:00:00.000Z
795,724636,684781,724636,2019-09-05T00:00:00.000Z
796,724447,684602,724447,2019-09-04T00:00:00.000Z
797,720512,680883,720512,2019-09-03T00:00:00.000Z
798,717724,678249,717724,2019-09-02T00:00:00.000Z
799,719677,680094,719677,2019-08-30T00:00:00.000Z
800,727179,687184,727179,2019-08-29T00:00:00.000Z
801,727041,687053,727041,2019-08-28T00:00:00.000Z
802,722859,683101,722859,2019-08-27T00:00:00.000Z
803,718786,679252,718786,2019-08-26T00:00:00.000Z
804,705507,666704,705507,2019-08-23T00:00:00.000Z
805,707638,668717,707638,2019-08-22T00:00:00.000Z
806,707590,668672,707590,2019-08-21T00:00:00.000Z
807,706912,668031,706912,2019-08-20T00:00:00.000Z
808,708414,669451,708414,2019-08-19T00:00:00.000Z
809,715534,676179,715534,2019-08-16T00:00:00.000Z
810,713997,674727,713997,2019-08-15T00:00:00.000Z
811,711575,672438,711575,2019-08-14T00:00:00.000Z
812,718530,679010,718530,2019-08-13T00:00:00.000Z
813,706078,667243,706078,2019-08-12T00:00:00.000Z
814,707508,668595,707508,2019-08-09T00:00:00.000Z
815,705810,666990,705810,2019-08-08T00:00:00.000Z
816,703269,664589,703269,2019-08-07T00:00:00.000Z
817,689730,651794,689730,2019-08-06T00:00:00.000Z
818,685197,647511,685197,2019-08-05T00:00:00.000Z
819,671113,634201,671113,2019-08-02T00:00:00.000Z
820,652526,616637,652526,2019-08-01T00:00:00.000Z
821,664350,627810,664350,2019-07-31T00:00:00.000Z
822,661412,625034,661412,2019-07-30T00:00:00.000Z
823,658100,621904,658100,2019-07-29T00:00:00.000Z
824,656527,620418,656527,2019-07-26T00:00:00.000Z
825,661473,625091,661473,2019-07-25T00:00:00.000Z
826,659154,622900,659154,2019-07-24T00:00:00.000Z
827,655123,619091,655123,2019-07-23T00:00:00.000Z
828,658191,621990,658191,2019-07-22T00:00:00.000Z
829,665756,629139,665756,2019-07-19T00:00:00.000Z
830,657244,621095,657244,2019-07-18T00:00:00.000Z
831,646640,611074,646640,2019-07-17T00:00:00.000Z
832,652420,616536,652420,2019-07-16T00:00:00.000Z
833,657995,621805,657995,2019-07-15T00:00:00.000Z
834,656749,620627,656749,2019-07-12T00:00:00.000Z
835,665912,629286,665912,2019-07-11T00:00:00.000Z
836,651787,615938,651787,2019-07-10T00:00:00.000Z
837,650634,614849,650634,2019-07-09T00:00:00.000Z
838,657022,620885,657022,2019-07-08T00:00:00.000Z
839,661543,625158,661543,2019-07-05T00:00:00.000Z
840,661623,625233,661623,2019-07-04T00:00:00.000Z
841,666824,630148,666824,2019-07-03T00:00:00.000Z
842,651191,615375,651191,2019-07-02T00:00:00.000Z
843,647737,612111,647737,2019-07-01T00:00:00.000Z
844,665377,628781,665377,2019-06-28T00:00:00.000Z
845,658475,622258,658475,2019-06-27T00:00:00.000Z
846,662822,626366,662822,2019-06-26T00:00:00.000Z
847,673638,636587,673638,2019-06-25T00:00:00.000Z
848,660005,623704,660005,2019-06-24T00:00:00.000Z
849,653421,617482,653421,2019-06-21T00:00:00.000Z
850,642535,607195,642535,2019-06-20T00:00:00.000Z
851,638303,603196,638303,2019-06-19T00:00:00.000Z
852,639466,604295,639466,2019-06-18T00:00:00.000Z
853,633413,598575,633413,2019-06-17T00:00:00.000Z
854,636671,601654,636671,2019-06-14T00:00:00.000Z
855,630403,595730,630403,2019-06-13T00:00:00.000Z
856,630363,595693,630363,2019-06-12T00:00:00.000Z
857,624660,590303,624660,2019-06-11T00:00:00.000Z
858,628165,593615,628165,2019-06-10T00:00:00.000Z
859,617043,583105,617043,2019-05-31T00:00:00.000Z
860,611335,577711,611335,2019-05-29T00:00:00.000Z
861,611363,577738,611363,2019-05-28T00:00:00.000Z
862,613743,579987,613743,2019-05-27T00:00:00.000Z
863,615007,581181,615007,2019-05-24T00:00:00.000Z
864,612559,578868,612559,2019-05-23T00:00:00.000Z
865,610576,576994,610576,2019-05-22T00:00:00.000Z
866,610603,577019,610603,2019-05-21T00:00:00.000Z
867,606830,573454,606830,2019-05-20T00:00:00.000Z
868,612977,579263,612977,2019-05-17T00:00:00.000Z
869,617095,583155,0,2019-05-16T10:31:10.000Z
870,616381,582480,0,2019-05-16T04:31:34.000Z
871,616549,582638,0,2019-05-15T10:30:59.000Z
872,616263,582369,0,2019-05-15T04:31:11.000Z
873,611745,578099,0,2019-05-14T10:34:13.000Z
874,612453,578768,0,2019-05-14T04:37:56.000Z
875,605517,572213,0,2019-05-13T10:44:46.000Z
876,605988,572659,0,2019-05-13T04:30:31.000Z
877,606966,573583,0,2019-05-10T10:40:55.000Z
878,606588,573225,0,2019-05-10T04:34:43.000Z
879,604546,571296,0,2019-05-09T10:31:56.000Z
880,603134,569961,0,2019-05-09T04:33:29.000Z
881,605511,572208,0,2019-05-08T10:33:31.000Z
882,604993,571719,0,2019-05-08T04:30:03.000Z
883,603392,570205,0,2019-05-07T10:30:59.000Z
884,603721,570517,0,2019-05-07T04:47:02.000Z
885,602315,569188,0,2019-05-06T10:32:08.000Z
886,601798,568699,0,2019-05-06T04:38:34.000Z
887,596566,563755,0,2019-05-03T10:39:28.000Z
888,595910,563135,0,2019-05-03T04:28:57.000Z
889,595154,562420,0,2019-05-02T10:31:02.000Z
890,596934,564103,0,2019-05-02T04:29:43.000Z
891,600276,567261,0,2019-04-30T10:33:17.000Z
892,599014,566068,0,2019-04-30T04:32:16.000Z
893,598307,565400,0,2019-04-29T10:32:57.000Z
894,600409,567387,0,2019-04-29T04:31:13.000Z
895,597841,564960,0,2019-04-26T10:35:37.000Z
896,597235,564387,0,2019-04-26T04:32:24.000Z
897,592280,559704,0,2019-04-25T10:32:35.000Z
898,592187,559616,0,2019-04-25T04:30:27.000Z
899,590104,557648,0,2019-04-24T10:37:38.000Z
900,589316,556904,0,2019-04-24T04:31:42.000Z
901,590885,558386,0,2019-04-23T10:40:52.000Z
902,590885,558386,0,2019-04-23T04:31:02.000Z
903,590506,558028,0,2019-04-22T10:36:18.000Z
904,590460,557985,0,2019-04-22T04:33:09.000Z
905,591150,558637,0,2019-04-18T10:31:18.000Z
906,589389,556973,0,2019-04-18T04:33:00.000Z
907,594626,562272,0,2019-04-16T10:32:09.000Z
908,594997,562272,0,2019-04-16T04:40:48.000Z
909,595626,562867,0,2019-04-15T10:32:11.000Z
910,598228,565325,0,2019-04-15T04:30:40.000Z
911,602095,568979,0,2019-04-12T10:31:41.000Z
912,602327,569199,0,2019-04-12T04:31:20.000Z
913,607424,574015,0,2019-04-11T10:34:42.000Z
914,608728,575248,0,2019-04-11T04:31:08.000Z
915,607045,573657,0,2019-04-10T10:30:09.000Z
916,605834,572513,0,2019-04-10T04:31:23.000Z
917,606831,573455,0,2019-04-09T10:36:27.000Z
918,605200,571914,0,2019-04-09T04:30:41.000Z
919,603922,570706,0,2019-04-08T10:30:35.000Z
920,603363,570178,0,2019-04-08T04:33:04.000Z
921,601947,568840,0,2019-04-05T10:30:59.000Z
922,602507,569369,0,2019-04-05T04:30:03.000Z
923,605343,572049,0,2019-04-04T10:30:15.000Z
924,604640,571385,0,2019-04-04T04:33:17.000Z
925,602941,569779,0,2019-04-02T10:37:41.000Z
926,603409,570222,0,2019-04-02T04:31:34.000Z
927,604878,571609,0,2019-04-01T10:32:00.000Z
928,605862,572540,0,2019-04-01T04:31:34.000Z
929,571000,571000,0,2019-03-29T10:37:19.000Z
930,572285,572285,0,2019-03-29T04:30:57.000Z
931,577791,577791,0,2019-03-28T10:41:28.000Z
932,578409,578409,0,2019-03-28T04:32:11.000Z
933,580211,580211,0,2019-03-27T10:32:30.000Z
934,580917,580917,0,2019-03-27T04:31:13.000Z
935,581699,581699,0,2019-03-26T10:36:23.000Z
936,583466,583466,0,2019-03-26T04:32:15.000Z
937,580145,580145,0,2019-03-25T10:31:55.000Z
938,579396,579396,0,2019-03-25T04:34:09.000Z
939,575588,575588,0,2019-03-22T10:38:17.000Z
940,608762,575280,0,2019-03-22T04:35:10.000Z
941,616312,582415,0,2019-03-21T10:32:34.000Z
942,616265,582371,0,2019-03-21T04:31:02.000Z
943,610491,576914,0,2019-03-20T10:31:47.000Z
944,611240,577622,0,2019-03-20T04:31:10.000Z
945,611830,578179,0,2019-03-19T10:34:13.000Z
946,612018,578357,0,2019-03-19T05:08:27.000Z
947,610671,577084,0,2019-03-18T06:32:06.000Z
948,612462,578777,0,2019-03-17T17:04:58.000Z
949,612462,578777,0,2019-03-17T16:00:01.000Z
950,612462,578777,0,2019-03-17T10:00:01.000Z
951,612462,578777,0,2019-03-16T16:00:01.000Z
952,612462,578777,0,2019-03-16T10:00:01.000Z
953,612462,578777,0,2019-03-15T16:03:18.000Z
954,609927,576381,0,2019-03-15T10:12:04.000Z
955,611574,577938,0,2019-03-15T10:00:01.000Z
956,611574,577938,0,2019-03-14T16:01:24.000Z
957,613452,579713,0,2019-03-14T10:06:29.000Z
958,613241,579513,0,2019-03-14T10:00:02.000Z
959,613241,579513,0,2019-03-13T15:59:33.000Z
960,612443,578759,0,2019-03-13T09:59:42.000Z
961,610395,576823,0,2019-03-12T16:03:36.000Z
962,609924,576378,0,2019-03-12T09:58:16.000Z
963,610221,576659,0,2019-03-11T16:00:36.000Z
964,610080,576526,0,2019-03-11T10:15:50.000Z
965,601991,568881,0,2019-03-11T10:00:01.000Z
966,601991,568881,0,2019-03-10T16:00:01.000Z
967,601991,568881,0,2019-03-10T10:00:01.000Z
968,601991,568881,0,2019-03-09T16:00:01.000Z
969,601991,568881,0,2019-03-09T10:00:01.000Z
970,601991,568881,0,2019-03-08T16:11:53.000Z
971,598780,565847,0,2019-03-08T10:01:23.000Z
972,599959,566962,0,2019-03-08T10:00:01.000Z
973,599959,566962,0,2019-03-07T16:00:01.000Z
974,599959,566962,0,2019-03-07T10:00:01.000Z
975,599959,566962,0,2019-03-06T16:00:31.000Z
976,598843,565907,0,2019-03-06T10:01:33.000Z
977,598810,565875,0,2019-03-06T10:00:01.000Z
978,598810,565875,0,2019-03-05T16:01:56.000Z
979,599229,566271,0,2019-03-05T10:01:51.000Z
980,599504,566532,0,2019-03-05T10:00:01.000Z
981,599504,566532,0,2019-03-04T16:09:03.000Z
982,602572,569430,0,2019-03-04T09:59:36.000Z
983,605508,572205,0,2019-03-03T16:00:01.000Z
984,605508,572205,0,2019-03-03T10:00:01.000Z
985,605508,572205,0,2019-03-02T16:00:01.000Z
986,605508,572205,0,2019-03-02T10:00:01.000Z
987,605508,572205,0,2019-03-01T16:00:13.000Z
988,608331,574873,0,2019-03-01T10:00:20.000Z
989,610864,577267,0,2019-03-01T10:00:01.000Z
990,610864,577267,0,2019-02-28T16:07:54.000Z
991,608419,574956,0,2019-02-28T09:59:58.000Z
992,610933,577331,0,2019-02-27T16:02:48.000Z
993,611485,577853,0,2019-02-27T09:57:17.000Z
994,612020,578359,0,2019-02-26T16:01:02.000Z
995,612712,579013,0,2019-02-26T10:08:08.000Z
996,615309,581468,0,2019-02-26T10:00:01.000Z
997,615309,581468,0,2019-02-25T16:12:24.000Z
998,616190,582299,0,2019-02-25T10:07:27.000Z
999,613559,579813,0,2019-02-25T10:00:01.000Z
1000,613559,579813,0,2019-02-24T16:00:01.000Z
1001,613559,579813,0,2019-02-24T10:00:01.000Z
1002,613559,579813,0,2019-02-23T16:00:02.000Z
1003,613559,579813,0,2019-02-23T10:00:01.000Z
1004,613559,579813,0,2019-02-22T16:27:42.000Z
1005,614253,580469,0,2019-02-22T10:09:18.000Z
1006,619638,585558,0,2019-02-22T10:00:02.000Z
1007,619638,585558,0,2019-02-21T16:10:52.000Z
1008,619129,585077,0,2019-02-21T10:02:33.000Z
1009,623496,589204,0,2019-02-21T10:00:01.000Z
1010,623496,589204,0,2019-02-20T16:00:11.000Z
1011,625122,590740,0,2019-02-20T10:00:56.000Z
1012,617093,583153,0,2019-02-20T10:00:01.000Z
1013,617093,583153,0,2019-02-19T16:01:03.000Z
1014,615328,581485,0,2019-02-19T10:01:18.000Z
1015,614643,580838,0,2019-02-19T10:00:01.000Z
1016,614643,580838,0,2019-02-18T16:02:12.000Z
1017,615759,581892,0,2019-02-18T09:56:40.000Z
1018,610176,576617,0,2019-02-17T16:00:02.000Z
1019,610176,576617,0,2019-02-17T10:00:01.000Z
1020,610176,576617,0,2019-02-16T16:00:02.000Z
1021,610176,576617,0,2019-02-16T10:00:01.000Z
1022,610176,576617,0,2019-02-15T16:00:52.000Z
1023,608877,575389,0,2019-02-15T10:10:54.000Z
1024,605105,571824,0,2019-02-15T10:00:01.000Z
1025,605105,571824,0,2019-02-14T16:00:01.000Z
1026,605059,571781,0,2019-02-14T10:00:12.000Z
1027,608962,575469,0,2019-02-14T10:00:01.000Z
1028,608962,575469,0,2019-02-13T16:00:17.000Z
1029,608266,574812,0,2019-02-13T10:04:48.000Z
1030,606337,572989,0,2019-02-13T10:00:01.000Z
1031,606337,572989,0,2019-02-12T16:01:11.000Z
1032,604443,571199,0,2019-02-12T10:05:12.000Z
1033,603077,569908,0,2019-02-12T10:00:01.000Z
1034,603077,569908,0,2019-02-11T16:02:42.000Z
1035,602244,569120,0,2019-02-11T16:00:01.000Z
1036,602244,569120,0,2019-02-11T10:00:01.000Z
1037,602244,569120,0,2019-02-10T16:00:02.000Z
1038,602244,569120,0,2019-02-10T10:00:01.000Z
1039,602244,569120,0,2019-02-09T16:00:01.000Z
1040,602244,569120,0,2019-02-09T10:00:01.000Z
1041,602244,569120,0,2019-02-08T16:08:22.000Z
1042,601968,568859,0,2019-02-08T10:02:00.000Z
1043,597611,564742,0,2019-02-08T10:00:01.000Z
1044,597611,564742,0,2019-02-07T16:07:59.000Z
1045,597794,564915,0,2019-02-07T10:00:56.000Z
1046,604759,571497,0,2019-02-07T10:00:01.000Z
1047,604759,571497,0,2019-02-06T16:00:04.000Z
1048,604023,570802,0,2019-02-06T09:59:50.000Z
1049,602758,569607,0,2019-02-05T16:00:02.000Z
1050,602758,569607,0,2019-02-05T10:00:01.000Z
1051,602758,569607,0,2019-02-04T16:00:55.000Z
1052,604415,571172,0,2019-02-04T10:06:41.000Z
1053,607944,574507,0,2019-02-04T10:00:01.000Z
1054,607944,574507,0,2019-02-03T16:00:02.000Z
1055,607944,574507,0,2019-02-03T10:00:01.000Z
1056,607944,574507,0,2019-02-02T16:00:01.000Z
1057,607944,574507,0,2019-02-02T10:00:01.000Z
1058,607944,574507,0,2019-02-01T16:00:41.000Z
1059,607576,574159,0,2019-02-01T09:56:18.000Z
1060,599432,569460,0,2019-01-31T16:07:47.000Z
1061,598479,568555,0,2019-01-31T10:05:30.000Z
1062,623058,591905,0,2019-01-31T10:00:01.000Z
1063,623058,591905,0,2019-01-30T16:03:19.000Z
1064,622575,591446,0,2019-01-30T10:08:26.000Z
1065,618982,588033,0,2019-01-30T10:00:02.000Z
1066,618982,588033,0,2019-01-29T15:59:39.000Z
1067,617538,586661,0,2019-01-29T09:59:42.000Z
1068,618413,587492,0,2019-01-28T16:00:01.000Z
1069,618636,587704,0,2019-01-28T10:02:33.000Z
1070,613213,582552,0,2019-01-28T10:00:02.000Z
1071,613213,582552,0,2019-01-27T16:00:01.000Z
1072,613213,582552,0,2019-01-27T10:00:02.000Z
1073,613213,582552,0,2019-01-26T16:00:01.000Z
1074,613213,582552,0,2019-01-26T10:00:01.000Z
1075,613213,582552,0,2019-01-25T16:02:28.000Z
1076,612280,581666,0,2019-01-25T10:00:27.000Z
1077,612816,582176,0,2019-01-25T10:00:02.000Z
1078,612816,582176,0,2019-01-24T16:12:18.000Z
1079,614574,583846,0,2019-01-24T10:21:38.000Z
1080,615901,585106,0,2019-01-24T10:00:01.000Z
1081,615901,585106,0,2019-01-23T16:04:23.000Z
1082,615489,584714,0,2019-01-23T10:03:35.000Z
1083,615121,584365,0,2019-01-23T10:00:01.000Z
1084,615121,584365,0,2019-01-22T16:02:07.000Z
1085,612986,582336,0,2019-01-22T10:07:51.000Z
1086,613349,582682,0,2019-01-22T10:00:01.000Z
1087,613349,582682,0,2019-01-21T16:16:24.000Z
1088,613611,582930,0,2019-01-21T10:03:42.000Z
1089,616240,585428,0,2019-01-21T10:00:01.000Z
1090,616240,585428,0,2019-01-20T16:00:01.000Z
1091,616240,585428,0,2019-01-20T10:00:01.000Z
1092,616240,585428,0,2019-01-19T16:00:01.000Z
1093,616240,585428,0,2019-01-19T10:00:01.000Z
1094,616240,585428,0,2019-01-18T16:06:48.000Z
1095,616464,585641,0,2019-01-18T10:00:01.000Z
1096,615624,584843,0,2019-01-17T16:08:15.000Z
1097,616518,585692,0,2019-01-17T10:24:33.000Z
1098,613713,583027,0,2019-01-17T10:00:01.000Z
1099,613713,583027,0,2019-01-16T15:59:44.000Z
1100,613416,582745,0,2019-01-16T10:07:22.000Z
1101,613142,582485,0,2019-01-16T10:00:01.000Z
1102,613142,582485,0,2019-01-15T16:00:02.000Z
1103,614852,584110,0,2019-01-15T10:00:22.000Z
1104,613367,582699,0,2019-01-15T10:00:01.000Z
1105,613367,582699,0,2019-01-14T15:59:39.000Z
1106,612960,582312,0,2019-01-14T09:59:58.000Z
1107,613395,582726,0,2019-01-13T16:00:01.000Z
1108,613395,582726,0,2019-01-13T10:00:02.000Z
1109,613395,582726,0,2019-01-12T16:00:01.000Z
1110,613395,582726,0,2019-01-12T10:00:01.000Z
1111,613395,582726,0,2019-01-11T16:00:40.000Z
1112,611950,581353,0,2019-01-11T10:04:44.000Z
1113,616602,585772,0,2019-01-11T10:00:01.000Z
1114,616602,585772,0,2019-01-10T16:00:43.000Z
1115,616117,585312,0,2019-01-10T10:00:02.000Z
1116,611115,580559,0,2019-01-09T16:00:13.000Z
1117,612007,581407,0,2019-01-09T10:03:49.000Z
1118,610601,580071,0,2019-01-09T10:00:01.000Z
1119,610601,580071,0,2019-01-08T15:51:59.000Z
1120,612985,582335,0,2019-01-08T10:00:31.000Z
1121,621535,590458,0,2019-01-08T10:00:02.000Z
1122,621535,590458,0,2019-01-07T16:00:00.000Z
1123,626511,595185,0,2019-01-07T10:00:02.000Z
1124,626511,595185,0,2019-01-06T16:00:01.000Z
1125,626511,595185,0,2019-01-06T10:00:01.000Z
1126,626511,595185,0,2019-01-05T16:00:01.000Z
1127,626511,595185,0,2019-01-05T10:00:02.000Z
1128,626511,595185,0,2019-01-04T16:00:03.000Z
1129,627462,596089,0,2019-01-04T10:00:07.000Z
1130,625506,594231,0,2019-01-04T10:00:02.000Z
1131,625506,594231,0,2019-01-03T17:34:52.000Z
1132,625925,594630,0,2019-01-03T10:06:45.000Z
1133,623971,592773,0,2019-01-03T10:00:02.000Z
1134,623971,592773,0,2019-01-02T16:03:10.000Z
1135,621574,590496,0,2019-01-02T10:00:40.000Z
1136,625240,593978,0,2019-01-02T10:00:02.000Z
1137,625240,593978,0,2019-01-01T16:00:02.000Z
1138,625240,593978,0,2019-01-01T10:00:02.000Z
1139,625240,593978,0,2018-12-31T16:00:01.000Z
1140,625240,593978,0,2018-12-31T10:00:02.000Z
1141,625240,593978,0,2018-12-30T16:00:02.000Z
1142,625240,593978,0,2018-12-30T10:00:02.000Z
1143,625240,593978,0,2018-12-29T16:00:02.000Z
1144,625240,593978,0,2018-12-29T10:00:01.000Z
1145,625240,593978,0,2018-12-28T16:03:46.000Z
1146,624401,593181,0,2018-12-28T09:53:47.000Z
1147,623354,592186,0,2018-12-27T15:59:15.000Z
1148,622362,591243,0,2018-12-27T10:05:36.000Z
1149,622124,591018,0,2018-12-27T10:00:02.000Z
1150,622124,591018,0,2018-12-26T16:00:43.000Z
1151,618757,587819,0,2018-12-26T10:00:07.000Z
1152,614547,583820,0,2018-12-26T10:00:02.000Z
1153,614547,583820,0,2018-12-25T16:00:01.000Z
1154,614547,583820,0,2018-12-25T10:00:02.000Z
1155,614547,583820,0,2018-12-24T16:00:01.000Z
1156,614547,583820,0,2018-12-24T10:00:02.000Z
1157,614547,583820,0,2018-12-23T16:00:02.000Z
1158,614547,583820,0,2018-12-23T10:00:02.000Z
1159,614547,583820,0,2018-12-22T16:00:02.000Z
1160,614547,583820,0,2018-12-22T10:00:01.000Z
1161,614547,583820,0,2018-12-21T16:04:40.000Z
1162,614445,583722,0,2018-12-21T10:01:56.000Z
1163,608320,577904,0,2018-12-21T10:00:02.000Z
1164,608320,577904,0,2018-12-20T15:46:37.000Z
1165,606284,575969,0,2018-12-20T10:00:04.000Z
1166,611043,580491,0,2018-12-20T10:00:01.000Z
1167,611043,580491,0,2018-12-19T16:00:02.000Z
1168,610027,579525,0,2018-12-19T09:51:43.000Z
1169,612372,581754,0,2018-12-18T16:11:56.000Z
1170,611621,581040,0,2018-12-18T10:10:24.000Z
1171,606687,576352,0,2018-12-18T10:00:01.000Z
1172,606687,576352,0,2018-12-17T15:59:58.000Z
1173,606057,575754,0,2018-12-17T10:00:26.000Z
1174,610885,580341,0,2018-12-17T10:00:01.000Z
1175,610885,580341,0,2018-12-16T16:00:02.000Z
1176,610885,580341,0,2018-12-16T10:00:02.000Z
1177,610885,580341,0,2018-12-15T16:00:01.000Z
1178,610885,580341,0,2018-12-15T10:00:02.000Z
1179,610885,580341,0,2018-12-14T16:07:29.000Z
1180,610290,579776,0,2018-12-14T10:00:06.000Z
1181,611078,580524,0,2018-12-14T10:00:02.000Z
1182,611078,580524,0,2018-12-13T16:09:03.000Z
1183,609867,579374,0,2018-12-13T10:00:19.000Z
1184,610896,580352,0,2018-12-13T10:00:02.000Z
1185,610896,580352,0,2018-12-12T16:01:19.000Z
1186,610763,580225,0,2018-12-12T09:56:38.000Z
1187,609727,579240,0,2018-12-11T16:06:21.000Z
1188,608175,577766,0,2018-12-11T10:00:12.000Z
1189,601771,571682,0,2018-12-11T10:00:02.000Z
1190,601771,571682,0,2018-12-10T16:06:56.000Z
1191,601027,570975,0,2018-12-10T16:00:01.000Z
1192,601027,570975,0,2018-12-10T10:00:01.000Z
1193,601027,570975,0,2018-12-09T16:00:01.000Z
1194,601027,570975,0,2018-12-09T10:00:01.000Z
1195,601027,570975,0,2018-12-08T16:00:02.000Z
1196,601027,570975,0,2018-12-08T10:00:02.000Z
1197,601027,570975,0,2018-12-07T16:01:09.000Z
1198,599599,569619,0,2018-12-07T10:04:10.000Z
1199,598986,569037,0,2018-12-07T10:00:01.000Z
1200,598986,569037,0,2018-12-06T15:54:33.000Z
1201,600298,570283,0,2018-12-06T10:17:51.000Z
1202,596348,566531,0,2018-12-06T10:00:01.000Z
1203,596348,566531,0,2018-12-05T16:03:39.000Z
1204,595616,565835,0,2018-12-05T10:04:59.000Z
1205,594915,565169,0,2018-12-05T10:00:01.000Z
1206,594915,565169,0,2018-12-04T15:59:47.000Z
1207,591590,562010,0,2018-12-04T10:13:48.000Z
1208,595464,565691,0,2018-12-04T10:00:01.000Z
1209,595464,565691,0,2018-12-03T16:04:33.000Z
1210,592430,562809,0,2018-12-03T10:17:27.000Z
1211,595367,565598,0,2018-12-03T10:00:02.000Z
1212,595367,565598,0,2018-12-02T16:00:02.000Z
1213,595367,565598,0,2018-12-02T10:00:01.000Z
1214,595367,565598,0,2018-12-01T16:00:02.000Z
1215,595367,565598,0,2018-12-01T10:00:01.000Z
1216,595367,565598,0,2018-11-30T16:10:23.000Z
1217,594900,565155,0,2018-11-30T10:11:22.000Z
1218,601095,571040,0,2018-11-30T10:00:02.000Z
1219,601095,571040,0,2018-11-29T16:07:25.000Z
1220,599321,569355,0,2018-11-29T10:00:04.000Z
1221,595220,565459,0,2018-11-29T10:00:02.000Z
1222,595220,565459,0,2018-11-28T16:02:19.000Z
1223,595800,566010,0,2018-11-28T16:01:12.000Z
1224,595175,565416,0,2018-11-28T10:02:53.000Z
1225,598882,568938,0,2018-11-28T10:00:01.000Z
1226,598882,568938,0,2018-11-27T16:10:27.000Z
1227,599580,569601,0,2018-11-27T10:11:32.000Z
1228,602684,572550,0,2018-11-27T10:00:02.000Z
1229,602684,572550,0,2018-11-26T16:00:01.000Z
1230,602291,572176,0,2018-11-26T10:06:03.000Z
1231,602534,572407,0,2018-11-26T10:00:02.000Z
1232,602534,572407,0,2018-11-25T16:00:01.000Z
1233,602534,572407,0,2018-11-25T10:00:02.000Z
1234,602534,572407,0,2018-11-24T16:00:01.000Z
1235,602534,572407,0,2018-11-24T10:00:01.000Z
1236,602534,572407,0,2018-11-23T16:00:03.000Z
1237,604848,574606,0,2018-11-23T10:00:37.000Z
1238,605153,574895,0,2018-11-23T10:00:01.000Z
1239,605153,574895,0,2018-11-22T16:01:28.000Z
1240,604921,574675,0,2018-11-22T10:00:02.000Z
1241,602700,572565,0,2018-11-22T10:00:01.000Z
1242,602700,572565,0,2018-11-21T16:00:27.000Z
1243,601891,571796,0,2018-11-21T10:16:36.000Z
1244,602008,571908,0,2018-11-21T10:00:02.000Z
1245,602008,571908,0,2018-11-20T16:00:02.000Z
1246,602008,571908,0,2018-11-20T10:00:01.000Z
1247,602008,571908,0,2018-11-19T16:00:38.000Z
1248,602278,572164,0,2018-11-19T10:32:05.000Z
1249,602983,572834,0,2018-11-16T16:04:11.000Z
1250,602827,572686,0,2018-11-16T10:01:09.000Z
1251,603918,573722,0,2018-11-16T10:00:02.000Z
1252,603918,573722,0,2018-11-15T16:00:22.000Z
1253,602942,572795,0,2018-11-15T10:15:02.000Z
1254,601101,571046,0,2018-11-15T10:00:02.000Z
1255,601101,571046,0,2018-11-14T16:09:50.000Z
1256,602003,571903,0,2018-11-14T10:00:07.000Z
1257,600166,570158,0,2018-11-14T10:00:01.000Z
1258,600166,570158,0,2018-11-13T16:29:06.000Z
1259,601262,571199,0,2018-11-13T15:59:28.000Z
1260,601497,571422,0,2018-11-13T10:01:07.000Z
1261,601497,571422,0,2018-11-13T10:00:02.000Z
1262,599061,569108,0,2018-11-12T16:07:29.000Z
1263,598518,568594,0,2018-11-12T16:04:09.000Z
1264,600768,570730,0,2018-11-12T10:00:09.000Z
1265,600971,570922,0,2018-11-12T10:00:02.000Z
1266,600971,570922,0,2018-11-11T16:00:01.000Z
1267,600971,570922,0,2018-11-11T10:00:02.000Z
1268,600971,570922,0,2018-11-10T16:00:01.000Z
1269,600971,570922,0,2018-11-10T10:00:02.000Z
1270,600971,570922,0,2018-11-09T16:00:08.000Z
1271,600663,570630,0,2018-11-09T09:59:59.000Z
1272,604352,574135,0,2018-11-08T16:47:57.000Z
1273,607253,576891,0,2018-11-08T10:30:41.000Z
1274,616595,585765,0,2018-11-08T10:00:02.000Z
1275,616595,585765,0,2018-11-07T16:42:01.000Z
1276,615497,584722,0,2018-11-07T10:28:08.000Z
1277,623920,592724,0,2018-11-07T10:10:58.000Z
1278,616244,585431,0,2018-11-07T10:01:52.000Z
1279,627616,596236,0,2018-11-07T10:00:02.000Z
1280,627616,596236,0,2018-11-06T15:57:41.000Z
1281,622175,591066,0,2018-11-06T10:00:48.000Z
1282,624980,593731,0,2018-11-06T10:00:01.000Z
1283,624980,593731,0,2018-11-05T16:00:43.000Z
1284,624702,593467,0,2018-11-05T10:00:43.000Z
1285,628035,596634,0,2018-11-05T10:00:01.000Z
1286,628035,596634,0,2018-11-04T16:00:02.000Z
1287,628035,596634,0,2018-11-04T10:00:02.000Z
1288,628035,596634,0,2018-11-03T16:00:01.000Z
1289,628035,596634,0,2018-11-03T10:00:02.000Z
1290,628035,596634,0,2018-11-02T16:00:01.000Z
1291,626876,595533,0,2018-11-02T10:07:34.000Z
1292,629504,598029,0,2018-11-02T10:00:02.000Z
1293,629504,598029,0,2018-11-01T16:11:02.000Z
1294,622550,591422,0,2018-11-01T10:24:08.000Z
1295,622863,591720,0,2018-11-01T10:00:02.000Z
1296,622863,591720,0,2018-10-31T16:00:00.000Z
1297,624589,593359,0,2018-10-31T10:02:59.000Z
1298,625220,593959,0,2018-10-31T10:00:01.000Z
1299,625220,593959,0,2018-10-30T16:01:15.000Z
1300,626864,595521,0,2018-10-30T09:59:58.000Z
1301,627616,596236,0,2018-10-29T16:01:35.000Z
1302,629460,597987,0,2018-10-29T10:00:32.000Z
1303,630564,599036,0,2018-10-29T10:00:01.000Z
1304,630564,599036,0,2018-10-28T16:00:01.000Z
1305,630564,599036,0,2018-10-28T10:00:02.000Z
1306,630564,599036,0,2018-10-27T16:00:01.000Z
1307,630564,599036,0,2018-10-27T10:00:02.000Z
1308,630564,599036,0,2018-10-26T16:00:03.000Z
1309,628681,597247,0,2018-10-26T10:00:25.000Z
1310,626673,595340,0,2018-10-26T10:00:02.000Z
1311,626673,595340,0,2018-10-25T16:00:05.000Z
1312,628596,597166,0,2018-10-25T10:03:05.000Z
1313,624783,593544,0,2018-10-25T10:00:02.000Z
1314,624783,593544,0,2018-10-24T16:03:49.000Z
1315,625544,594267,0,2018-10-24T10:03:55.000Z
1316,624757,593519,0,2018-10-24T10:00:02.000Z
1317,624757,593519,0,2018-10-23T16:00:13.000Z
1318,618862,587919,0,2018-10-23T10:00:16.000Z
1319,619296,588331,0,2018-10-23T10:00:02.000Z
1320,619296,588331,0,2018-10-22T16:04:01.000Z
1321,620293,589278,0,2018-10-22T10:03:41.000Z
1322,619450,588478,0,2018-10-22T10:00:01.000Z
1323,619450,588478,0,2018-10-21T16:00:02.000Z
1324,619450,588478,0,2018-10-21T10:00:01.000Z
1325,619450,588478,0,2018-10-20T16:00:01.000Z
1326,619450,588478,0,2018-10-20T10:00:01.000Z
1327,619450,588478,0,2018-10-19T16:01:03.000Z
1328,619161,588203,0,2018-10-19T10:00:04.000Z
1329,616697,585862,0,2018-10-19T10:00:02.000Z
1330,616697,585862,0,2018-10-18T16:07:14.000Z
1331,617102,586247,0,2018-10-18T10:00:08.000Z
1332,619200,588240,0,2018-10-18T10:00:02.000Z
1333,619200,588240,0,2018-10-17T16:08:55.000Z
1334,618042,587140,0,2018-10-17T10:01:24.000Z
1335,621440,590368,0,2018-10-17T10:00:02.000Z
1336,621440,590368,0,2018-10-16T16:00:39.000Z
1337,620355,589338,0,2018-10-16T10:01:56.000Z
1338,603071,572917,0,2018-10-16T10:00:01.000Z
1339,603071,572917,0,2018-10-15T16:00:01.000Z
1340,618478,587554,0,2018-10-15T10:00:02.000Z
1341,618478,587554,0,2018-10-14T16:00:01.000Z
1342,618478,587554,0,2018-10-14T10:00:01.000Z
1343,618478,587554,0,2018-10-13T16:00:02.000Z
1344,618478,587554,0,2018-10-13T10:00:01.000Z
1345,618478,587554,0,2018-10-12T19:11:44.000Z
1346,594859,565116,0,2018-10-12T16:00:03.000Z
1347,598866,568923,0,2018-10-12T10:00:04.000Z
1348,587587,558208,0,2018-10-12T10:00:01.000Z
1349,587587,558208,0,2018-10-11T16:00:03.000Z
1350,583467,554294,0,2018-10-11T10:00:02.000Z
1351,580659,551626,0,2018-10-11T10:00:01.000Z
1352,580659,551626,0,2018-10-10T16:00:03.000Z
1353,582296,553181,0,2018-10-10T10:00:03.000Z
1354,582825,553684,0,2018-10-10T10:00:02.000Z
1355,582825,553684,0,2018-10-09T16:00:08.000Z
1356,581231,552169,0,2018-10-09T10:00:07.000Z
1357,583497,554322,0,2018-10-09T10:00:01.000Z
1358,583497,554322,0,2018-10-08T16:00:11.000Z
1359,583880,554686,0,2018-10-08T10:00:31.000Z
1360,585476,556202,0,2018-10-08T10:00:01.000Z
1361,585476,556202,0,2018-10-07T16:00:02.000Z
1362,585476,556202,0,2018-10-07T10:00:02.000Z
1363,585476,556202,0,2018-10-06T16:00:02.000Z
1364,585476,556202,0,2018-10-06T10:00:01.000Z
1365,585476,556202,0,2018-10-05T16:00:05.000Z
1366,583431,554259,0,2018-10-05T10:00:03.000Z
1367,583577,554398,0,2018-10-05T10:00:02.000Z
1368,583577,554398,0,2018-10-04T16:00:00.000Z
1369,580542,551515,0,2018-10-04T10:00:05.000Z
1370,583816,554625,0,2018-10-04T10:00:02.000Z
1371,583816,554625,0,2018-10-03T16:03:01.000Z
1372,581710,552625,0,2018-10-03T10:00:02.000Z
1373,575007,546257,0,2018-10-03T10:00:01.000Z
1374,575007,546257,0,2018-10-02T22:59:58.000Z
1375,570879,542335,0,2018-10-02T17:00:03.000Z
1376,568430,540009,0,2018-10-02T17:00:01.000Z
1377,568430,540009,0,2018-10-01T23:01:09.000Z
1378,570613,542082,0,2018-10-01T17:01:54.000Z
1379,568002,539602,0,2018-10-01T17:00:01.000Z
1380,568002,539602,0,2018-09-30T23:00:01.000Z
1381,568002,539602,0,2018-09-30T17:00:02.000Z
1382,568002,539602,0,2018-09-29T23:00:01.000Z
1383,568002,539602,0,2018-09-29T17:00:02.000Z
1384,568002,539602,0,2018-09-28T23:01:27.000Z
1385,568422,540001,0,2018-09-28T17:00:11.000Z
1386,573934,545237,0,2018-09-28T17:00:01.000Z
1387,573934,545237,0,2018-09-27T23:00:09.000Z
1388,575159,546401,0,2018-09-27T17:00:09.000Z
1389,576149,547342,0,2018-09-27T17:00:01.000Z
1390,576149,547342,0,2018-09-26T23:00:09.000Z
1391,575361,546593,0,2018-09-26T17:00:12.000Z
1392,574547,545820,0,2018-09-26T17:00:01.000Z
1393,574547,545820,0,2018-09-25T23:00:10.000Z
1394,572908,544263,0,2018-09-25T17:00:07.000Z
1395,572927,544281,0,2018-09-24T23:01:03.000Z
1396,570084,541580,0,2018-09-24T17:00:11.000Z
1397,576027,547226,0,2018-09-21T23:00:23.000Z
1398,576462,547639,0,2018-09-21T17:01:45.000Z
1399,573418,544747,0,2018-09-20T23:00:02.000Z
1400,577685,548801,0,2018-09-20T17:00:03.000Z
1401,576258,547445,0,2018-09-19T23:00:20.000Z
1402,574987,546238,0,2018-09-19T17:00:03.000Z
1403,574685,545951,0,2018-09-18T23:04:38.000Z
1404,572089,543485,0,2018-09-18T17:01:52.000Z
1405,571716,543130,0,2018-09-17T23:10:00.000Z
1406,569991,541491,0,2018-09-17T17:00:13.000Z
1407,575548,546771,0,2018-09-17T06:00:01.000Z
1408,575548,546771,0,2018-09-17T00:00:02.000Z
1409,575548,546771,0,2018-09-16T06:00:02.000Z
1410,575548,546771,0,2018-09-16T00:00:02.000Z
1411,575548,546771,0,2018-09-14T23:00:26.000Z
1412,572920,544274,0,2018-09-14T17:00:08.000Z
1413,573762,545074,0,2018-09-13T23:00:10.000Z
1414,575564,546786,0,2018-09-13T17:01:11.000Z
1415,571273,542709,0,2018-09-12T23:00:07.000Z
1416,569643,541161,0,2018-09-12T17:00:03.000Z
1417,569772,541283,0,2018-09-12T06:00:02.000Z
1418,569772,541283,0,2018-09-12T00:00:02.000Z
1419,569772,541283,0,2018-09-10T23:00:23.000Z
1420,571687,543103,0,2018-09-10T17:00:11.000Z
1421,574640,545908,0,2018-09-10T06:00:02.000Z
1422,574640,545908,0,2018-09-10T00:00:02.000Z
1423,574640,545908,0,2018-09-09T06:00:02.000Z
1424,574640,545908,0,2018-09-09T00:00:02.000Z
1425,574640,545908,0,2018-09-07T23:00:11.000Z
1426,575609,546829,0,2018-09-07T17:00:09.000Z
1427,575619,546838,0,2018-09-06T23:00:02.000Z
1428,575599,546819,0,2018-09-06T16:59:59.000Z
1429,573200,544540,0,2018-09-05T23:00:03.000Z
1430,569888,541394,0,2018-09-05T17:00:07.000Z
1431,570560,542032,0,2018-09-04T23:01:05.000Z
1432,569886,541392,0,2018-09-04T17:00:01.000Z
1433,571205,542645,0,2018-09-03T23:00:02.000Z
1434,567374,539005,0,2018-09-03T17:00:05.000Z
1435,570288,541774,0,2018-09-03T06:00:02.000Z
1436,570288,541774,0,2018-09-03T00:00:03.000Z
1437,570288,541774,0,2018-09-02T06:00:02.000Z
1438,570288,541774,0,2018-09-02T00:00:02.000Z
1439,570288,541774,0,2018-08-31T23:00:10.000Z
1440,566350,538033,0,2018-08-31T17:00:08.000Z
1441,566670,538337,0,2018-08-30T23:00:13.000Z
1442,567482,539108,0,2018-08-30T17:00:13.000Z
1443,566263,537950,0,2018-08-29T23:02:03.000Z
1444,565705,537420,0,2018-08-29T17:00:20.000Z
1445,570014,541513,0,2018-08-28T23:00:11.000Z
1446,567711,539325,0,2018-08-28T17:00:17.000Z
1447,565715,537429,0,2018-08-27T23:00:31.000Z
1448,568235,539823,0,2018-08-27T17:00:28.000Z
1449,560814,532773,0,2018-08-27T06:00:02.000Z
1450,560814,532773,0,2018-08-27T00:00:02.000Z
1451,560814,532773,0,2018-08-26T06:00:02.000Z
1452,560814,532773,0,2018-08-26T00:00:02.000Z
1453,560814,532773,0,2018-08-24T23:00:16.000Z
1454,557848,529956,0,2018-08-24T17:00:33.000Z
1455,558802,530862,0,2018-08-23T23:00:07.000Z
1456,557714,529828,0,2018-08-23T17:00:15.000Z
1457,560070,532067,0,2018-08-23T06:00:02.000Z
1458,560070,532067,0,2018-08-23T00:00:02.000Z
1459,560070,532067,0,2018-08-21T23:00:30.000Z
1460,559714,531728,0,2018-08-21T17:00:08.000Z
1461,557164,529306,0,2018-08-20T23:00:04.000Z
1462,557044,529192,0,2018-08-20T17:00:07.000Z
1463,555380,527611,0,2018-08-20T06:00:02.000Z
1464,555380,527611,0,2018-08-20T00:00:02.000Z
1465,555380,527611,0,2018-08-19T06:00:02.000Z
1466,555380,527611,0,2018-08-19T00:00:02.000Z
1467,555380,527611,0,2018-08-18T06:00:02.000Z
1468,555380,527611,0,2018-08-18T00:00:02.000Z
1469,555380,527611,0,2018-08-16T23:00:42.000Z
1470,551089,523535,0,2018-08-16T17:00:08.000Z
1471,558098,530193,0,2018-08-15T23:00:10.000Z
1472,559623,531642,0,2018-08-15T17:00:13.000Z
1473,561594,533514,0,2018-08-14T23:00:06.000Z
1474,560679,532645,0,2018-08-14T17:00:10.000Z
1475,565138,536881,0,2018-08-13T23:00:02.000Z
1476,560947,532900,0,2018-08-13T17:00:19.000Z
1477,560682,532648,0,2018-08-13T06:00:02.000Z
1478,560682,532648,0,2018-08-13T00:00:02.000Z
1479,560682,532648,0,2018-08-12T06:00:02.000Z
1480,560682,532648,0,2018-08-12T00:00:02.000Z
1481,560682,532648,0,2018-08-10T23:00:06.000Z
1482,562224,534113,0,2018-08-10T17:00:05.000Z
1483,562033,533931,0,2018-08-09T23:00:15.000Z
1484,563959,535761,0,2018-08-09T17:00:21.000Z
1485,562965,534817,0,2018-08-08T23:02:07.000Z
1486,564838,536596,0,2018-08-08T17:01:27.000Z
1487,564973,536724,0,2018-08-07T23:00:04.000Z
1488,563313,535147,0,2018-08-07T17:00:04.000Z
1489,564659,536426,0,2018-08-06T23:00:09.000Z
1490,567153,538795,0,2018-08-06T17:00:26.000Z
1491,562915,534769,0,2018-08-06T06:00:02.000Z
1492,562915,534769,0,2018-08-06T00:00:02.000Z
1493,562915,534769,0,2018-08-05T06:00:01.000Z
1494,562915,534769,0,2018-08-05T00:00:02.000Z
1495,562915,534769,0,2018-08-03T23:00:02.000Z
1496,561060,533007,0,2018-08-03T17:00:02.000Z
1497,565797,537507,0,2018-08-02T23:00:07.000Z
1498,566226,537915,0,2018-08-02T17:00:23.000Z
1499,567916,539520,0,2018-08-01T23:00:07.000Z
1500,566738,538401,0,2018-08-01T17:00:49.000Z
1501,564917,536671,0,2018-07-31T23:00:17.000Z
1502,565520,537244,0,2018-07-31T17:00:13.000Z
1503,565886,537592,0,2018-07-30T23:00:11.000Z
1504,568424,540003,0,2018-07-30T17:00:24.000Z
1505,567568,539190,0,2018-07-30T06:00:02.000Z
1506,567568,539190,0,2018-07-30T00:00:01.000Z
1507,567568,539190,0,2018-07-29T06:00:01.000Z
1508,567568,539190,0,2018-07-29T00:00:01.000Z
1509,567568,539190,0,2018-07-27T23:02:42.000Z
1510,568433,540011,0,2018-07-27T17:00:10.000Z
1511,570477,541953,0,2018-07-26T23:00:04.000Z
1512,574804,546064,0,2018-07-26T17:00:03.000Z
1513,573162,544504,0,2018-07-25T23:00:11.000Z
1514,572749,544112,0,2018-07-25T17:00:21.000Z
1515,572173,543564,0,2018-07-24T23:00:32.000Z
1516,568355,539937,0,2018-07-24T17:00:08.000Z
1517,571418,542847,0,2018-07-23T23:00:28.000Z
1518,575082,546328,0,2018-07-23T17:00:09.000Z
1519,571067,542514,0,2018-07-23T06:00:02.000Z
1520,571067,542514,0,2018-07-23T00:00:01.000Z
1521,571067,542514,0,2018-07-22T06:00:02.000Z
1522,571067,542514,0,2018-07-22T00:00:01.000Z
1523,571067,542514,0,2018-07-20T23:00:30.000Z
1524,565039,536787,0,2018-07-20T17:00:25.000Z
1525,564969,536721,0,2018-07-19T23:00:13.000Z
1526,567172,538813,0,2018-07-19T17:00:16.000Z
1527,566069,537766,0,2018-07-18T23:00:32.000Z
1528,568418,539997,0,2018-07-18T17:00:17.000Z
1529,575941,547144,0,2018-07-17T23:02:04.000Z
1530,574253,545540,0,2018-07-17T17:12:28.000Z
1531,581239,541243,0,2018-07-16T23:01:02.000Z
1532,579261,539401,0,2018-07-16T17:00:37.000Z
1533,578497,538689,0,2018-07-16T06:00:02.000Z
1534,578497,538689,0,2018-07-16T00:00:02.000Z
1535,578497,538689,0,2018-07-15T06:00:02.000Z
1536,578497,538689,0,2018-07-15T00:00:01.000Z
1537,578497,538689,0,2018-07-13T23:00:53.000Z
1538,584529,544307,0,2018-07-13T17:00:31.000Z
1539,583550,543395,0,2018-07-12T23:00:53.000Z
1540,581065,541081,0,2018-07-12T17:00:56.000Z
1541,584803,544562,0,2018-07-11T23:00:21.000Z
1542,582106,542051,0,2018-07-11T17:00:54.000Z
1543,583572,543415,0,2018-07-10T23:00:22.000Z
1544,586287,545943,0,2018-07-10T17:00:22.000Z
1545,587181,546776,0,2018-07-09T23:00:41.000Z
1546,588881,548359,0,2018-07-09T17:02:33.000Z
1547,587402,546982,0,2018-07-09T06:00:02.000Z
1548,587402,546982,0,2018-07-09T00:00:02.000Z
1549,587402,546982,0,2018-07-08T06:00:02.000Z
1550,587402,546982,0,2018-07-08T00:00:02.000Z
1551,587402,546982,0,2018-07-06T23:01:43.000Z
1552,586548,545095,0,2018-07-06T17:01:42.000Z
1553,585827,556536,0,2018-07-05T23:00:27.000Z
1554,585112,555857,0,2018-07-05T17:00:41.000Z
1555,585139,555882,0,2018-07-04T23:00:46.000Z
1556,595565,565787,0,2018-07-04T17:00:34.000Z
1557,588846,559404,0,2018-07-03T23:00:34.000Z
1558,582920,553774,0,2018-07-03T17:01:07.000Z
1559,586990,557640,0,2018-07-02T23:00:55.000Z
1560,591051,561499,0,2018-07-02T17:01:15.000Z
1561,590598,561068,0,2018-07-02T06:00:01.000Z
1562,590598,561068,0,2018-07-02T00:00:01.000Z
1563,590598,561068,0,2018-07-01T06:00:02.000Z
1564,590598,561068,0,2018-07-01T00:00:02.000Z
1565,590598,561068,0,2018-06-29T23:00:41.000Z
1566,584269,555056,0,2018-06-29T17:02:20.000Z
1567,585028,555777,0,2018-06-28T23:01:16.000Z
1568,582119,553013,0,2018-06-28T17:00:47.000Z
1569,584920,566787,0,2018-06-28T06:00:02.000Z
1570,584920,566787,0,2018-06-28T00:00:01.000Z
1571,584920,566787,0,2018-06-26T23:01:17.000Z
1572,585013,566877,0,2018-06-26T17:01:26.000Z
1573,575968,558689,0,2018-06-25T23:01:19.000Z
1574,575855,558579,0,2018-06-25T17:00:59.000Z
1575,575370,558109,0,2018-06-25T06:00:02.000Z
1576,575370,558109,0,2018-06-25T00:00:01.000Z
1577,575370,558109,0,2018-06-24T06:00:02.000Z
1578,575370,558109,0,2018-06-24T00:00:01.000Z
1579,575370,558109,0,2018-06-22T23:00:42.000Z
1580,574097,556874,0,2018-06-22T17:02:10.000Z
1581,572701,555520,0,2018-06-21T23:00:32.000Z
1582,566392,549400,0,2018-06-21T17:00:54.000Z
1583,568761,551698,0,2018-06-21T00:28:12.000Z
1584,569704,552613,0,2018-06-20T17:01:10.000Z
1585,580158,562753,0,2018-06-20T06:00:02.000Z
1586,580158,562753,0,2018-06-20T00:00:01.000Z
1587,580158,562753,0,2018-06-19T06:00:02.000Z
1588,580158,562753,0,2018-06-19T00:00:02.000Z
1589,580158,562753,0,2018-06-18T06:00:01.000Z
1590,580158,562753,0,2018-06-18T00:00:02.000Z
1591,580158,562753,0,2018-06-17T06:00:01.000Z
1592,580158,562753,0,2018-06-17T00:00:02.000Z
1593,580158,562753,0,2018-06-16T06:00:02.000Z
1594,580158,562753,0,2018-06-16T00:00:02.000Z
1595,580158,562753,0,2018-06-15T06:00:02.000Z
1596,580158,562753,0,2018-06-15T00:00:01.000Z
1597,580158,562753,0,2018-06-14T06:00:02.000Z
1598,580158,562753,0,2018-06-14T00:00:02.000Z
1599,580158,562753,0,2018-06-12T23:00:00.000Z
1600,580471,563057,0,2018-06-12T17:00:05.000Z
1601,579389,562007,0,2018-06-11T23:00:06.000Z
1602,580833,563408,0,2018-06-11T17:00:20.000Z
1603,580297,562888,0,2018-06-11T06:00:01.000Z
1604,580297,562888,0,2018-06-11T00:00:01.000Z
1605,580297,562888,0,2018-06-10T06:00:01.000Z
1606,580297,562888,0,2018-06-10T00:00:02.000Z
1607,580297,562888,0,2018-06-08T23:00:02.000Z
1608,578374,561023,0,2018-06-08T17:00:13.000Z
1609,578726,561364,0,2018-06-07T23:00:17.000Z
1610,578541,561185,0,2018-06-07T17:00:14.000Z
1611,578478,561124,0,2018-06-06T23:00:11.000Z
1612,579157,561782,0,2018-06-06T17:00:04.000Z
1613,577179,559864,0,2018-06-05T23:00:03.000Z
1614,576163,558878,0,2018-06-05T17:00:38.000Z
1615,576939,559631,0,2018-06-04T23:00:18.000Z
1616,580099,562696,0,2018-06-04T17:00:10.000Z
1617,585419,567856,0,2018-06-04T06:00:01.000Z
1618,585419,567856,0,2018-06-04T00:00:02.000Z
1619,585419,567856,0,2018-06-03T06:00:02.000Z
1620,585419,567856,0,2018-06-03T00:00:02.000Z
1621,585419,567856,0,2018-06-02T06:00:02.000Z
1622,585419,567856,0,2018-06-02T00:00:02.000Z
1623,585419,567856,0,2018-05-31T23:00:29.000Z
1624,587456,569832,0,2018-05-31T17:00:12.000Z
1625,586003,568423,0,2018-05-30T23:00:05.000Z
1626,587530,569904,0,2018-05-30T16:59:52.000Z
1627,586581,568984,0,2018-05-30T06:00:02.000Z
1628,586581,568984,0,2018-05-30T00:00:02.000Z
1629,586581,568984,0,2018-05-28T23:01:08.000Z
1630,591203,573467,0,2018-05-28T17:03:08.000Z
1631,594505,576670,0,2018-05-28T06:00:02.000Z
1632,594505,576670,0,2018-05-28T00:00:02.000Z
1633,594505,576670,0,2018-05-27T06:00:02.000Z
1634,594505,576670,0,2018-05-27T00:00:02.000Z
1635,594505,576670,0,2018-05-25T23:01:45.000Z
1636,594698,576857,0,2018-05-25T17:01:26.000Z
1637,592374,574603,0,2018-05-24T23:00:07.000Z
1638,590914,573187,0,2018-05-24T16:59:54.000Z
1639,589710,572019,0,2018-05-23T23:00:33.000Z
1640,589041,571370,0,2018-05-23T17:00:35.000Z
1641,589862,572166,0,2018-05-22T23:00:14.000Z
1642,588293,570644,0,2018-05-22T17:00:10.000Z
1643,585262,567704,0,2018-05-21T23:00:26.000Z
1644,584808,567264,0,2018-05-21T17:00:12.000Z
1645,584754,567211,0,2018-05-21T06:00:02.000Z
1646,584754,567211,0,2018-05-21T00:00:01.000Z
1647,584754,567211,0,2018-05-20T06:00:02.000Z
1648,584754,567211,0,2018-05-20T00:00:02.000Z
1649,584754,567211,0,2018-05-18T22:59:59.000Z
1650,583517,566011,0,2018-05-18T17:00:04.000Z
1651,582608,565130,0,2018-05-17T23:00:14.000Z
1652,586245,568658,0,2018-05-17T17:00:32.000Z
1653,586367,568776,0,2018-05-16T23:00:27.000Z
1654,583257,565759,0,2018-05-16T17:00:52.000Z
1655,590343,572633,0,2018-05-15T23:00:24.000Z
1656,590359,572648,0,2018-05-15T17:00:04.000Z
1657,593693,575882,0,2018-05-14T23:01:01.000Z
1658,596531,578635,0,2018-05-14T17:01:34.000Z
1659,597542,579616,0,2018-05-14T06:00:02.000Z
1660,597542,579616,0,2018-05-14T00:00:02.000Z
1661,597542,579616,0,2018-05-13T06:00:01.000Z
1662,597542,579616,0,2018-05-13T00:00:02.000Z
1663,597542,579616,0,2018-05-11T23:00:32.000Z
1664,597309,579390,0,2018-05-11T17:00:38.000Z
1665,590838,573113,0,2018-05-11T06:00:02.000Z
1666,590838,573113,0,2018-05-11T00:00:01.000Z
1667,590838,573113,0,2018-05-09T23:00:11.000Z
1668,591725,573973,0,2018-05-09T17:00:19.000Z
1669,591955,574196,0,2018-05-08T23:00:34.000Z
1670,589479,571795,0,2018-05-08T17:00:14.000Z
1671,589577,571890,0,2018-05-07T23:00:10.000Z
1672,590875,573149,0,2018-05-07T17:01:55.000Z
1673,587051,569439,0,2018-05-07T06:00:01.000Z
1674,587051,569439,0,2018-05-07T00:00:01.000Z
1675,587051,569439,0,2018-05-06T06:00:01.000Z
1676,587051,569439,0,2018-05-06T00:00:01.000Z
1677,587051,569439,0,2018-05-04T23:00:16.000Z
1678,589949,572251,0,2018-05-04T16:59:56.000Z
1679,588530,570874,0,2018-05-03T22:59:58.000Z
1680,586277,568689,0,2018-05-03T17:00:07.000Z
1681,586748,569146,0,2018-05-02T22:59:57.000Z
1682,584147,566623,0,2018-05-02T16:59:54.000Z
1683,587828,570193,0,2018-05-02T06:00:01.000Z
1684,587828,570193,0,2018-05-02T00:00:01.000Z
1685,587828,570193,0,2018-04-30T22:59:57.000Z
1686,590273,572565,0,2018-04-30T17:00:02.000Z
1687,587792,570158,0,2018-04-30T06:00:02.000Z
1688,587792,570158,0,2018-04-30T00:00:02.000Z
1689,587792,570158,0,2018-04-29T06:00:02.000Z
1690,587792,570158,0,2018-04-29T00:00:02.000Z
1691,587792,570158,0,2018-04-27T23:00:11.000Z
1692,589961,572262,0,2018-04-27T17:00:06.000Z
1693,592837,575052,0,2018-04-26T23:00:00.000Z
1694,591223,573486,0,2018-04-26T16:59:59.000Z
1695,591339,573599,0,2018-04-25T23:00:00.000Z
1696,593915,576098,0,2018-04-25T16:59:59.000Z
1697,592722,574940,0,2018-04-24T23:00:01.000Z
1698,592801,575017,0,2018-04-24T17:00:01.000Z
1699,594195,576369,0,2018-04-23T23:00:11.000Z
1700,592072,574310,0,2018-04-23T17:00:03.000Z
1701,595849,577974,0,2018-04-23T06:00:02.000Z
1702,595849,577974,0,2018-04-23T00:00:01.000Z
1703,595849,577974,0,2018-04-22T06:00:01.000Z
1704,595849,577974,0,2018-04-22T00:00:01.000Z
1705,595849,577974,0,2018-04-20T23:00:00.000Z
1706,594762,576919,0,2018-04-20T16:59:59.000Z
1707,598625,580666,0,2018-04-19T23:00:22.000Z
1708,597609,579681,0,2018-04-19T17:00:01.000Z
1709,595537,577671,0,2018-04-18T23:00:01.000Z
1710,595192,577336,0,2018-04-18T17:01:06.000Z
1711,594470,576636,0,2018-04-17T23:00:02.000Z
1712,596364,578473,0,2018-04-17T17:00:09.000Z
1713,595550,577684,0,2018-04-16T23:00:07.000Z
1714,596163,578278,0,2018-04-16T17:00:13.000Z
1715,593090,575297,0,2018-04-16T06:00:01.000Z
1716,593090,575297,0,2018-04-16T00:00:02.000Z
1717,593090,575297,0,2018-04-15T06:00:01.000Z
1718,593090,575297,0,2018-04-15T00:00:01.000Z
1719,593090,575297,0,2018-04-13T23:00:05.000Z
1720,592982,575193,0,2018-04-13T17:00:02.000Z
1721,596947,579039,0,2018-04-12T23:00:00.000Z
1722,596734,578832,0,2018-04-12T17:00:00.000Z
1723,593822,576007,0,2018-04-11T23:00:06.000Z
1724,593703,575892,0,2018-04-11T17:00:00.000Z
1725,591480,573736,0,2018-04-10T23:00:14.000Z
1726,590825,573100,0,2018-04-10T17:00:00.000Z
1727,587956,570317,0,2018-04-09T23:00:05.000Z
1728,590055,572353,0,2018-04-09T17:00:01.000Z
1729,586614,569016,0,2018-04-09T06:00:01.000Z
1730,586614,569016,0,2018-04-09T00:00:01.000Z
1731,586614,569016,0,2018-04-08T06:00:01.000Z
1732,586614,569016,0,2018-04-08T00:00:01.000Z
1733,586614,569016,0,2018-04-06T23:00:15.000Z
1734,589480,571796,0,2018-04-06T17:00:00.000Z
1735,587104,569491,0,2018-04-05T23:00:11.000Z
1736,588592,570934,0,2018-04-05T17:00:04.000Z
1737,593932,576114,0,2018-04-04T23:00:01.000Z
1738,590625,572906,0,2018-04-04T17:01:24.000Z
1739,591962,574203,0,2018-04-03T23:40:12.000Z
1740,591613,573865,0,2018-04-03T17:02:15.000Z
1741,588770,571107,0,2018-04-02T23:00:42.000Z
1742,587952,570313,0,2018-04-02T17:00:38.000Z
1743,585843,568267,0,2018-04-02T06:00:01.000Z
1744,585843,568267,0,2018-04-02T00:00:02.000Z
1745,585843,568267,0,2018-04-01T06:00:01.000Z
1746,585843,568267,0,2018-04-01T00:00:01.000Z
1747,585843,568267,0,2018-03-31T06:00:01.000Z
1748,585843,568267,0,2018-03-31T00:00:02.000Z
1749,585843,568267,0,2018-03-29T23:00:11.000Z
1750,586727,569125,0,2018-03-29T17:02:16.000Z
1751,593209,575412,0,2018-03-28T23:01:04.000Z
1752,593499,575694,0,2018-03-28T17:04:41.000Z
1753,595791,577917,0,2018-03-27T23:00:57.000Z
1754,599375,581393,0,2018-03-27T17:00:45.000Z
1755,596337,578446,0,2018-03-26T23:01:08.000Z
1756,596754,578851,0,2018-03-26T17:00:58.000Z
1757,594086,576263,0,2018-03-26T06:00:01.000Z
1758,594086,576263,0,2018-03-26T00:00:02.000Z
1759,594086,576263,0,2018-03-25T06:00:01.000Z
1760,594086,576263,0,2018-03-25T00:00:01.000Z
1761,594086,576263,0,2018-03-23T23:57:22.000Z
1762,599433,578716,0,2018-03-23T23:00:14.000Z
1763,596614,566783,0,2018-03-23T17:07:33.000Z
1764,602060,591529,0,2018-03-22T17:00:00.000Z
1765,592510,581979,0,2018-03-21T17:00:02.000Z
1766,595466,584860,0,2018-03-20T17:01:23.000Z
1767,593373,582780,0,2018-03-19T17:01:19.000Z
1768,593670,583063,0,2018-03-19T06:00:02.000Z
1769,593670,583063,0,2018-03-19T00:00:02.000Z
1770,593670,583063,0,2018-03-18T06:00:01.000Z
1771,593670,583063,0,2018-03-18T00:00:02.000Z
1772,593670,583063,0,2018-03-16T17:00:13.000Z
1773,597595,586986,0,2018-03-15T17:00:02.000Z
1774,598842,588241,0,2018-03-14T17:00:14.000Z
1775,599023,588451,0,2018-03-13T17:03:32.000Z
1776,599084,588500,0,2018-03-12T23:00:02.000Z
1777,600638,588434,0,2018-03-12T17:00:02.000Z
1778,599074,586799,0,2018-03-09T17:02:21.000Z
1779,600143,587970,0,2018-03-08T17:00:01.000Z
1780,603876,591956,0,2018-03-07T17:00:14.000Z
1781,597419,585270,0,2018-03-06T17:02:37.000Z
1782,598176,585994,0,2018-03-05T17:00:19.000Z
1783,596521,584384,0,2018-03-02T17:00:02.000Z
1784,597389,585163,0,2018-03-01T17:00:45.000Z
1785,592868,580674,0,2018-02-28T17:00:03.000Z
1786,599437,578234,0,2018-02-27T17:00:02.000Z
1787,597621,585432,0,2018-02-26T17:01:01.000Z
1788,598509,586424,0,2018-02-23T17:00:01.000Z
1789,592313,580129,0,2018-02-22T17:00:21.000Z
1790,594967,582723,0,2018-02-21T17:00:38.000Z
1791,599851,587766,0,2018-02-20T17:00:14.000Z
1792,600819,588856,0,2018-02-19T17:00:02.000Z
1793,605158,593460,0,2018-02-15T17:01:53.000Z
1794,599629,584852,0,2018-02-14T17:00:14.000Z
1795,596359,581010,0,2018-02-13T17:00:41.000Z
1796,593534,578154,0,2018-02-12T19:14:13.000Z
1797,593494,578350,0,2018-02-09T17:00:01.000Z
1798,590790,575377,0,2018-02-08T17:00:07.000Z
1799,597086,581732,0,2018-02-07T20:28:14.000Z
1800,597288,582124,0,2018-02-06T17:00:01.000Z
1801,597611,582019,0,2018-02-05T18:19:50.000Z
1802,598014,582998,0,2018-02-02T17:03:29.000Z
1803,593655,578864,0,2018-02-01T17:00:20.000Z
1804,593615,578276,0,2018-01-31T17:00:06.000Z
1805,591355,575977,0,2018-01-30T17:32:51.000Z
1806,594000,574000,0,2018-01-29T17:28:03.000Z
1807,583890,579310,0,2018-01-26T17:00:02.000Z
1808,582330,578050,0,2018-01-24T17:01:46.000Z
1809,580120,575860,0,2018-01-23T17:01:57.000Z
1810,556211,559984,0,2017-11-22T17:26:24.000Z
1811,555666,559337,0,2017-11-21T17:06:31.000Z
1812,560524,564301,0,2017-11-20T17:21:02.000Z
1813,555531,559303,0,2017-11-16T17:09:21.000Z
1814,557161,560933,0,2017-11-15T17:05:14.000Z
1815,555604,559275,0,2017-11-14T17:05:52.000Z
1816,553888,557358,0,2017-11-13T17:12:59.000Z
1817,584000,574000,0,2017-11-10T20:43:34.000Z
1818,584000,574000,0,2017-11-09T19:53:54.000Z
1819,585000,575000,0,2017-11-08T20:06:25.000Z
1820,585000,575000,0,2017-11-07T19:54:55.000Z
1821,583500,573500,0,2017-11-06T20:01:51.000Z
1822,583000,573000,0,2017-11-03T20:23:20.000Z
1823,585000,574500,0,2017-11-02T20:05:27.000Z
1824,582500,572500,0,2017-11-01T19:46:15.000Z
1825,583000,573000,0,2017-10-31T20:23:40.000Z
1826,582000,572000,0,2017-10-30T20:57:19.000Z
1827,581500,571500,0,2017-10-27T20:23:10.000Z
1828,583000,573000,0,2017-10-26T20:19:42.000Z
1829,582500,575500,0,2017-10-25T20:01:17.000Z
1830,584000,574000,0,2017-10-24T20:06:01.000Z
1831,585500,575500,0,2017-10-23T20:04:20.000Z
1832,582500,572000,0,2017-10-20T19:57:33.000Z
1833,580000,570500,0,2017-10-19T20:02:43.000Z
1834,579500,570000,0,2017-10-18T20:15:18.000Z
1835,582000,572000,0,2017-10-17T20:05:05.000Z
1836,586000,576000,0,2017-10-16T19:55:04.000Z
1837,583500,573500,0,2017-10-12T19:49:05.000Z
1838,581000,573000,0,2017-10-11T19:58:25.000Z
1839,578000,570000,0,2017-10-10T20:05:00.000Z
1840,576000,568000,0,2017-10-09T20:35:22.000Z
1841,569000,561000,0,2017-10-06T20:05:39.000Z
1842,570000,547000,0,2017-10-05T21:01:52.000Z
1843,573000,565000,0,2017-10-04T20:04:23.000Z
1844,573000,565000,0,2017-10-03T20:08:44.000Z
1845,570000,562000,0,2017-10-02T20:00:43.000Z
1846,571000,562500,0,2017-09-29T20:00:00.000Z
1847,574500,566000,0,2017-09-28T20:00:00.000Z
1848,571000,562500,0,2017-09-27T20:00:00.000Z
1849,574000,565500,0,2017-09-26T20:00:00.000Z
1850,576000,567000,0,2017-09-25T20:00:00.000Z
1851,569500,561000,0,2017-09-22T20:00:00.000Z
1852,567000,558500,0,2017-09-21T20:00:00.000Z
1853,576000,567500,0,2017-09-20T20:00:00.000Z
1854,573500,565000,0,2017-09-19T20:00:00.000Z
1855,571500,563000,0,2017-09-18T20:00:00.000Z
1856,577000,568500,0,2017-09-15T20:00:00.000Z
1857,579000,570500,0,2017-09-14T20:00:00.000Z
1858,576000,567500,0,2017-09-13T20:00:00.000Z
1859,577500,569000,0,2017-09-12T20:00:00.000Z
1860,577000,568500,0,2017-09-11T20:00:00.000Z
1861,585500,576500,0,2017-09-08T20:00:00.000Z
1862,589500,580500,0,2017-09-07T20:00:00.000Z
1863,585500,577000,0,2017-09-06T20:00:00.000Z
1864,588000,579000,0,2017-09-05T20:00:00.000Z
1865,557500,549500,0,2017-09-04T20:00:00.000Z
1866,582000,573500,0,2017-09-01T20:00:00.000Z
1867,578500,570000,0,2017-08-31T20:00:00.000Z
1868,575500,567000,0,2017-08-30T20:00:00.000Z
1869,577500,568500,0,2017-08-29T20:00:00.000Z
1870,576000,567500,0,2017-08-28T20:00:00.000Z
1871,569000,560500,0,2017-08-25T20:00:00.000Z
1872,566500,558000,0,2017-08-24T20:00:00.000Z
1873,568000,559500,0,2017-08-23T20:00:00.000Z
1874,566000,557500,0,2017-08-22T20:00:00.000Z
1875,569000,560500,0,2017-08-21T20:00:00.000Z
1876,567000,558500,0,2017-08-18T20:00:00.000Z
1877,568000,560000,0,2017-08-17T20:00:00.000Z
1878,564500,556000,0,2017-08-16T20:00:00.000Z
1879,562500,554000,0,2017-08-15T20:00:00.000Z
1880,566000,558000,0,2017-08-14T20:00:00.000Z
1881,568000,559500,0,2017-08-11T20:00:00.000Z
1882,565500,557000,0,2017-08-10T20:00:00.000Z
1883,561000,552500,0,2017-08-09T20:00:00.000Z
1884,553000,545000,0,2017-08-08T20:00:00.000Z
1885,554000,546000,0,2017-08-07T20:00:00.000Z
1886,554000,545500,0,2017-08-04T20:00:00.000Z
1887,558500,550000,0,2017-08-03T20:00:00.000Z
1888,560000,551500,0,2017-08-02T20:00:00.000Z
1889,560000,552000,0,2017-08-01T20:00:00.000Z
1890,558000,549500,0,2017-07-31T20:00:00.000Z
1891,559000,550500,0,2017-07-28T20:00:00.000Z
1892,555000,546500,0,2017-07-27T20:00:00.000Z
1893,551000,542500,0,2017-07-26T20:00:00.000Z
1894,550500,542500,0,2017-07-25T20:00:00.000Z
1895,551000,543000,0,2017-07-24T20:00:00.000Z
1896,551500,543000,0,2017-07-21T20:00:00.000Z
1897,548500,540500,0,2017-07-20T20:00:00.000Z
1898,546500,538500,0,2017-07-19T20:00:00.000Z
1899,546000,538000,0,2017-07-18T20:00:00.000Z
1900,543500,535500,0,2017-07-17T20:00:00.000Z
1901,541000,533000,0,2017-07-14T20:00:00.000Z
1902,537000,529000,0,2017-07-13T20:00:00.000Z
1903,539000,531000,0,2017-07-12T20:00:00.000Z
1904,538500,530500,0,2017-07-11T20:00:00.000Z
1905,538000,530000,0,2017-07-10T20:00:00.000Z
1906,537000,529000,0,2017-07-07T20:00:00.000Z
1907,542000,534000,0,2017-07-06T20:00:00.000Z
1908,540000,532000,0,2017-07-05T20:00:00.000Z
1909,512500,504500,0,2017-07-04T20:00:00.000Z
1910,539000,531000,0,2017-07-03T20:00:00.000Z
1911,547000,539000,0,2017-06-30T20:00:00.000Z
1912,548500,540500,0,2017-06-29T20:00:00.000Z
1913,550000,541500,0,2017-06-28T20:00:00.000Z
1914,549000,540500,0,2017-06-27T20:00:00.000Z
1915,548500,540500,0,2017-06-26T20:00:00.000Z
1916,552500,544500,0,2017-06-23T20:00:00.000Z
1917,549500,541500,0,2017-06-22T20:00:00.000Z
1918,548000,539500,0,2017-06-21T20:00:00.000Z
1919,546000,537500,0,2017-06-20T20:00:00.000Z
1920,547500,539000,0,2017-06-19T20:00:00.000Z
1921,551500,543500,0,2017-06-16T20:00:00.000Z
1922,550500,542500,0,2017-06-15T20:00:00.000Z
1923,559500,551000,0,2017-06-14T20:00:00.000Z
1924,557000,548500,0,2017-06-13T20:00:00.000Z
1925,557000,549000,0,2017-06-12T20:00:00.000Z
1926,558000,549500,0,2017-06-09T20:00:00.000Z
1927,561500,553000,0,2017-06-08T20:00:00.000Z
1928,567500,559000,0,2017-06-07T20:00:00.000Z
1929,569000,560500,0,2017-06-06T20:00:00.000Z
1930,562500,554000,0,2017-06-05T20:00:00.000Z
1931,562000,554000,0,2017-06-02T20:00:00.000Z
1932,559000,550500,0,2017-06-01T20:00:00.000Z
1933,561000,552500,0,2017-05-31T20:00:00.000Z
1934,557000,549000,0,2017-05-30T20:00:00.000Z
1935,527000,519000,0,2017-05-29T20:00:00.000Z
1936,558500,550000,0,2017-05-26T20:00:00.000Z
1937,554000,546000,0,2017-05-25T20:00:00.000Z
1938,552500,544500,0,2017-05-24T20:00:00.000Z
1939,553500,545000,0,2017-05-23T20:00:00.000Z
1940,556000,547500,0,2017-05-22T20:00:00.000Z
1941,554000,545500,0,2017-05-19T20:00:00.000Z
1942,554500,546000,0,2017-05-18T20:00:00.000Z
1943,556000,547500,0,2017-05-17T20:00:00.000Z
1944,546000,538000,0,2017-05-16T20:00:00.000Z
1945,543500,535500,0,2017-05-15T20:00:00.000Z
